accountId,informedPatrimony,informedIncome,frequency
733dbf81-79a1-4e10-8e03-5406b12bdf6c,446888.99,81743.08,ANUAL
c6023175-da1b-43c6-8d8b-ab48944475bb,327053.55,58463.51,ANUAL
bf01f753-70d2-49a3-8e9c-8dab9adc64e4,278065.5,38943.12,ANUAL
a779f4b4-5e5c-44f4-a348-d76c11245f07,162443.61,12281.36,ANUAL
4fc35039-8eb0-4a73-a1a5-e46fc3e772f8,230443.91,17233.63,ANUAL
56fcd638-6680-4e0e-9351-d4b9031319ed,110387.48,19713.97,ANUAL
d8be53a9-f992-44e4-912b-32488741c057,341325.03,67857.13,ANUAL
c8770d9c-e625-4e2c-a757-6f3bacaff677,304228.24,26124.53,ANUAL
83255db9-8936-4a65-bc32-a5fce97b398a,401644.64,45872.32,ANUAL
1d21e5df-10a9-42e9-baf0-74d573b5c6f0,316682.11,41256.59,ANUAL
43593317-c8d0-47a8-a954-15eedc717740,383996.79,56074.63,ANUAL
0a5f69a1-9969-4659-a7ac-8918ee972a8c,226314.52,35010.61,ANUAL
0696369a-a7c1-41d4-966a-3ec1e32f3001,75244.51,6599.93,ANUAL
a59420fa-a187-4458-ad52-d8f1d9011691,442567.09,30193.3,ANUAL
142157f5-23f5-4f02-8a73-8250bdfe705c,299809.32,31582.53,ANUAL
80c46547-d443-4fea-88a8-91006ed2bd80,369687.9,35675.89,ANUAL
97240a3c-5c6e-4432-9bb2-de6caa8f94f7,477948.1,42717.73,ANUAL
ee258dce-5c52-45bc-9761-a238bc3cb8b3,209864.44,41063.03,ANUAL
1ba72ad7-2da7-4f6f-9d34-97d10503de64,339246.64,53064.64,ANUAL
e8eb8a85-ceff-4126-aee5-c9ddb9da34ed,37247.29,2780.68,ANUAL
d025c735-5a1b-45a6-97da-b98dc5a8155c,59232.02,7404.56,ANUAL
08a5c2cb-c2de-41da-976a-114607c1e920,340723.63,19694.53,ANUAL
e2a4cc5b-fa98-42ed-89a8-7e684209a346,274064.12,41619.35,ANUAL
3c92e887-6950-49fd-aae7-c0ce85082b4e,258892.53,13197.4,ANUAL
9d481c49-368c-4024-bf58-d65d87fd8fd5,341612.92,22963.41,ANUAL
2eb8178b-e21c-490d-82b9-b443e2cdf8d8,271317.17,26686.28,ANUAL
5d97f08f-bb23-4749-b775-14343f1ecb95,169882.65,19256.44,ANUAL
bd125b4a-3856-43c5-bc38-1c92027cee98,190474.46,15606.78,ANUAL
856e2a01-e962-47a0-8423-dbf0899c2e9e,37635.87,5829.51,ANUAL
0348cb08-d7c1-4550-bad5-1889afe71674,240406.17,19545.22,ANUAL
0f64b744-1695-483c-9ecd-424b24507bc0,22868.24,2393.9,ANUAL
ed8e99e3-84ba-4dc2-82f7-785d39ee7984,475474.06,68387.62,ANUAL
2b4cc614-a701-4c65-9cee-7b7a358b6f38,390122.16,27751.92,ANUAL
82baf106-b2a0-43aa-891d-b48598d1044d,442968.24,46566.44,ANUAL
34b9540e-4b60-4ebb-ba9d-0253309e600a,468070.09,73030.71,ANUAL
69ec76e0-9ee3-4c1a-8e1d-c94332132c05,251884.03,23866.89,ANUAL
30507a4b-60e7-4677-bbd7-9735c9776c5a,262432.8,40621.54,ANUAL
dab6525a-45b2-434c-ac17-e4acf26a40a3,39860.51,7894.69,ANUAL
4a07f2a6-90ba-4738-892d-625db9f2c398,268434.2,24379.59,ANUAL
67f59bff-eb5b-4da6-bb4b-b6d44f971704,488579.47,91154.51,ANUAL
52a6b5f1-0159-4088-86c4-51d1026bebb3,110876.37,7160.79,ANUAL
43944093-b3a9-4e96-a81d-dd817c51265b,345501.76,65827.68,ANUAL
ef36647a-7710-4b4d-a87f-189078bcfae1,76461.56,9207.61,ANUAL
35a2a936-3574-46be-a512-0ef7fab5af54,315791.79,21706.26,ANUAL
80dc9942-ca98-46b9-a01c-7118967f6c5a,159745.22,13500.63,ANUAL
5bd949c5-b0c3-4198-bf09-b58eb6772368,278136.96,45734.4,ANUAL
53f6355d-b246-4907-ba88-654c5373e4d5,123041.75,16763.85,ANUAL
3236b58e-d882-402c-978b-d8636b037440,339338.01,51685.74,ANUAL
81a3a9f3-d3e2-450e-bcf4-6c640d03c0b9,174972.7,22819.09,ANUAL
d7273f27-5d94-4b82-9f32-bbf8874f0837,336961.14,61228.68,ANUAL
908de335-ed87-448a-bb76-946436db5f88,199719.54,19863.62,ANUAL
df9de8b9-7df9-4ed8-ba8b-9f0c38b27b14,453798.54,29519.21,ANUAL
99f44c94-1374-41b9-837f-799b5023e363,66870.65,3697.47,ANUAL
0d0b3ec1-c510-4598-9235-291813bfb7ba,293211.31,58519.6,ANUAL
b0402ca9-5826-4b01-8efa-5622f574b460,493316.95,77474.75,ANUAL
5db0a97a-53a0-4510-a3f0-28850cb821cb,76043.34,13129.61,ANUAL
13fa376e-7949-4773-af53-585f6acd31f7,53444.8,3803.54,ANUAL
b6ff0b81-f0b7-470a-8564-207f2d738f84,390960.51,29084.98,ANUAL
fe031dd4-be84-4ad2-b63b-00abebc5eed6,241398.3,31408.99,ANUAL
7c72c6c8-db66-42ad-908d-e6357a3f8f0a,334741.28,62937.15,ANUAL
2a045951-a696-4c2a-8087-e199a744aebc,145153.8,11406.86,ANUAL
7cd46fd8-5cd3-4ce6-848d-b1bcc726e4b3,68852.43,7286.15,ANUAL
144179ad-ea28-42ef-935a-0c9b38655b87,496488.75,40947.43,ANUAL
6ed9d7d6-4eed-49f3-84b1-97d1845eaccd,490813.81,44511.74,ANUAL
5267d55f-a2cc-4418-9ffe-1204b4cb0a29,12343.5,883.4,ANUAL
dccef204-a8e6-454b-b8c0-7dde764a9862,65466.5,9079.15,ANUAL
7015dd21-809d-4ed5-85b0-627ba9ac47ec,298086.68,25254.67,ANUAL
b8becddc-3d83-4320-b33b-88a1c3bfbbdb,278892.18,38457.82,ANUAL
ed6d8494-243d-4c71-8884-ab0c74f89707,141985.48,20050.43,ANUAL
c407bc27-4aac-4801-954a-90bb2a9c7683,86156.87,11160.89,ANUAL
5a4de7f3-be30-4e26-a819-be63cdf6c6e0,32586.25,4955.34,ANUAL
72f34dde-87b7-4863-b24d-fa996dabef72,465531.5,32590.02,ANUAL
e6e1ceb8-d6f5-416b-b0c5-1b2621fa7ab8,418348.79,74362.77,ANUAL
49d950a0-052a-4cf8-b03d-42bd85fb70a3,387182.05,30926.32,ANUAL
b1e28504-1d9e-46d8-9c29-200c3d2b2ec9,256406.35,51151.1,ANUAL
0120365b-92a2-4586-a53c-b9d3b9dcb550,389477.38,35360.06,ANUAL
a7e11d7f-6b69-48f6-84e6-30f968858d98,83031.45,15220.66,ANUAL
94e7e036-3ad2-4738-95d9-0124fdd264a8,296729.26,26248.56,ANUAL
eb61a52e-b554-477d-bd1f-10f810f8e074,104972.72,17054.98,ANUAL
6153184f-b51f-4df3-85b7-8cf4f98335d7,70784.03,6592.55,ANUAL
1c6a8d79-9143-4849-ad36-e0c21f2f1ca6,454795.97,87686.89,ANUAL
d584539f-5eb5-4c72-9b03-7b0853182333,459015.52,34778.3,ANUAL
ffcc663f-54a5-4a58-a091-76fc05498b5f,29968.92,5093.04,ANUAL
684dd969-c1a3-435d-813c-d14f32eff1db,244528.08,38445.16,ANUAL
bdd76e25-257c-4cfd-b1f5-6f7375cb4cef,459630.66,34631.82,ANUAL
2b640cdc-b4de-450a-91dd-c9f41ddbf200,47571.09,7215.88,ANUAL
204e21ac-4527-4d0c-ae4a-3b67d9090d8a,473399.9,46834.13,ANUAL
91db98b5-1a10-46ba-8ab7-8b77552aebe5,180592.37,23440.05,ANUAL
3bac8639-69a4-4b57-8688-7a89c8871aa4,274752.9,28983.16,ANUAL
87bb05d6-a14a-4b79-b8da-1fa051089b0a,316034.86,16107.39,ANUAL
938c5f61-3a40-45af-8227-8806043bc709,367619.61,57536.5,ANUAL
01989e23-a447-4683-ad33-3f68c692db5f,33995.26,5612.74,ANUAL
cc7e4490-3de0-42a4-befe-e0a9c4af0d2b,20060.33,2331.31,ANUAL
9a37737d-8a31-46f5-8d28-040ce20663d9,11926.55,1432.76,ANUAL
0c531d04-5caa-4244-b322-88fab0bb82e8,428713.09,70296.47,ANUAL
2c652434-c9de-49a9-a53c-983a97ab22e9,78897.63,14058.15,ANUAL
786c8d7c-97cc-4835-be27-5c28ff1d6db9,235819.25,29100.02,ANUAL
17f0e7a5-79ca-45ed-93cd-105c24465945,423273.94,74471.85,ANUAL
63fa8ba0-11a9-49fc-bb66-9c88baebb09e,205484.51,12418.17,ANUAL
40068e4d-de87-41ae-9d2b-2e4fc7d5edfa,344081.98,44740.44,ANUAL
03bbf188-f750-4c79-8b29-e1a0ad36b52a,424711.42,52223.58,ANUAL
05d93199-1965-40b5-993f-3d538814081c,477764.1,76879.08,ANUAL
97f52feb-9e12-4712-b295-82024a490703,207802.57,11777.23,ANUAL
294dc941-5fe3-4635-8c77-10801695ac04,245664.37,45948.2,ANUAL
78b11bc7-cefc-4956-acf5-08ae0dd91a60,404658.32,45556.46,ANUAL
51055e05-0a62-42e8-b9b9-2f6d74a6be89,255334.97,22956.72,ANUAL
b195dd74-b5b2-455c-834a-50059fa2ef06,83624.58,8212.79,ANUAL
3078cc92-2305-4c27-9ec1-2f174600cb3d,387876.34,25003.36,ANUAL
6aa5add7-a8f5-46f0-bb6d-9e46b2fbf302,483364.69,59877.15,ANUAL
82cf53ec-192d-4ff0-9a83-fab553ba20cc,326628.07,25867.31,ANUAL
9f3a053e-320c-4f25-b0ee-f9e08c511667,382693.86,37156.08,ANUAL
6de553af-2c3f-4d61-9293-6a9c8a8b309f,241779.8,33991.28,ANUAL
9ce9e3bc-1efa-4462-9bb9-871c70335025,455921.06,28539.32,ANUAL
18fd24d2-b65a-4ca7-8e02-8c5b5c5c60d8,456255.27,52594.41,ANUAL
93d36ed8-c9b7-445d-b050-0745961b0db6,479985.92,93560.22,ANUAL
c98a65e4-499c-431c-a92b-8cd0dbf31739,129005.05,21840.06,ANUAL
1b7817fa-64cb-40ae-9f9e-e87730216817,313116.16,47666.21,ANUAL
bf693c79-5649-442a-91af-8c2bec2cfc66,190752.5,20362.03,ANUAL
135081bb-70fe-43cc-a305-62eecf0aab1d,108468.56,17223.98,ANUAL
e8761e27-bbbd-411b-86e0-2203eb43ca95,428927.01,55554.01,ANUAL
0519dda1-89e4-4ba2-918c-0d6e90edd2e0,230738.98,13511.72,ANUAL
5f8f3ec2-aed8-4cf8-ace9-aa1ca70ea23e,73892.16,5890.68,ANUAL
dde55ad1-2a01-439c-acc7-1ab1d0c684e8,384854.64,35258.63,ANUAL
2ce5809c-6840-4476-9eff-f915ed0d3fd3,236618.59,46190.11,ANUAL
32d52e42-30ad-4178-91cb-89de4674abfb,199421.21,25534.65,ANUAL
88262323-6ba4-45a1-a6f2-64c8a316be2c,412567.64,58802.91,ANUAL
b729d57a-b90f-4fba-be35-9f975c240ecc,264973.33,39162.91,ANUAL
3e5229de-692d-4fe0-8153-f07d9f96a876,229161.93,17857.37,ANUAL
9ee19277-c4e1-422f-9e94-bad1ad654b66,129618.91,14309.26,ANUAL
56076e45-7473-4f85-bb3c-1204b16a8793,343599.95,45921.56,ANUAL
8f782bfb-f4d5-4a6d-985e-ad8e71c9fbc9,4319.03,242.98,ANUAL
fd76225a-07b9-4b33-b44c-ac182533471b,44229.54,4625.2,ANUAL
67101fe4-231a-49e8-a4b3-c54d4d8c77c7,299770.42,55286.12,ANUAL
43a7f165-3648-4fc4-9bc1-3559de3f60a9,220753.46,24002.08,ANUAL
837b18d1-c516-4c81-833c-4c7e1eca959f,161912.74,13537.06,ANUAL
936faa7b-0098-4932-aa25-99bfd8bcd8e1,282306.59,26106.6,ANUAL
14530c5a-e8a7-42fc-956d-c45716fd0ed9,245969.31,37839.75,ANUAL
7a452530-3b5e-4cf6-8779-40ea432cca7c,149668.96,21140.36,ANUAL
dd177112-eff8-4a88-a976-98a69da7a76e,226270.17,16283.68,ANUAL
ffe8c02e-0886-4e91-8352-fd9afc7eefe4,399138.99,63389.9,ANUAL
75363cd3-4349-4871-95de-ff3778f990c9,4956.11,927.32,ANUAL
1bbbf232-4e19-4032-b0ea-dd3d4423819b,87338.01,11276.26,ANUAL
c768cc1b-5bf0-40bd-a4b7-798d7ef54a5e,353406.39,61623.53,ANUAL
66918c2f-0b75-4a77-b7ac-c100476a4048,412585.88,34729.72,ANUAL
5c21d9c5-3e6d-4e70-83c7-e9a6c07fcaa6,115917.18,16523.49,ANUAL
4fecef2a-7493-44d6-bdff-6a2f26422a32,324206.3,36404.8,ANUAL
5c9d62f0-bec5-4627-a492-6fa9014f89cd,134025.57,23502.37,ANUAL
2216618b-1860-4712-9844-b774ccb3a843,78091.0,4970.17,ANUAL
a10a40d4-c0df-4698-977c-854961da1312,372591.26,72440.98,ANUAL
90579172-12c4-44fe-8792-53eaf88ec5b8,155406.95,17390.3,ANUAL
ee7a56e5-3a4b-47fd-9bdf-67b547974ee3,276771.66,32224.12,ANUAL
99e27204-3283-42c4-b06b-52c2de3e44d9,460747.63,40787.16,ANUAL
216d2623-fd94-4040-ac0f-ed4ed792cf3e,125768.16,10703.57,ANUAL
d415a334-8f54-48e1-a197-fce48c907aab,87520.97,4922.31,ANUAL
914a3b97-e9c7-4390-af35-1cd24bce9fd5,190453.08,18211.32,ANUAL
197f5d69-2f08-47a5-891b-9bed5d0df7d1,40539.79,7329.01,ANUAL
60c8bb6b-358d-49ba-97e3-4579b24d9288,497915.0,30875.37,ANUAL
992e84ab-fc6c-4ec1-b4b6-b153128c88f4,20265.4,2384.2,ANUAL
1faf4b96-0af1-41cc-bcf3-fbaa772a7bd0,306029.65,57522.41,ANUAL
c23dc5f0-7727-4d80-a611-6c6a6fad39eb,498726.26,36799.64,ANUAL
2069a534-53e7-4e41-8ded-2f545bf04386,332232.99,60908.08,ANUAL
e5ee8566-b3e4-46a4-ae79-c484d4718640,406975.16,43949.15,ANUAL
0336434f-a93d-49d2-88e5-a7d7b3289f8e,233111.32,42679.98,ANUAL
f3f1a0fc-a574-4b59-ac3b-4ba585ace1ba,304927.38,60213.58,ANUAL
0bb65e7d-23e8-4510-9d2b-0726f0ba15ee,106500.13,13089.99,ANUAL
a517aba9-f8ab-4a13-89fa-7061ca156194,272061.68,38072.87,ANUAL
3ad56a14-5276-4bba-a2c1-3b10fdc865cc,8028.54,457.22,ANUAL
504fd20d-b9ce-4dbe-999b-f138afde757a,252440.47,22626.69,ANUAL
a560dc5c-d7b2-4f4d-991a-99c6856a03f8,91249.31,9636.87,ANUAL
0a08a532-c133-49d8-b488-0bc6493d8e05,14726.95,1166.2,ANUAL
cc8f169f-865d-4236-8072-ebdfeb185e29,291330.89,47536.84,ANUAL
29d2f556-bf4d-4751-b7ab-94886ced7fb8,440982.29,55489.43,ANUAL
e9ddf9be-8f24-460c-aeaf-027cb51b6479,271058.09,38143.5,ANUAL
c49f7063-a5c1-44d7-a1ef-6fae761364b0,242247.23,48192.64,ANUAL
4e730f75-4bb6-4ece-9c01-bcb1a968b7de,325123.84,59862.35,ANUAL
868940e3-1d65-4f21-bc8e-8ce2108110e3,336089.94,30612.68,ANUAL
bd99e07b-571a-43a2-9eda-b87d85640731,140099.34,8597.41,ANUAL
80ec21a7-3203-44d1-a539-7c0ae962cdbe,355153.05,39335.19,ANUAL
1a6a292a-2812-4e69-8a92-fea23c1be433,353497.24,33846.72,ANUAL
095a329d-aeb6-4731-a964-db583efc52c0,30279.44,4976.43,ANUAL
abd21aba-7afa-4f21-ae49-367a8d1870c6,367154.98,68518.66,ANUAL
df0327b9-ea5a-455f-b26b-fe0014d82b12,487118.86,86388.77,ANUAL
ce3710e2-d72e-4a43-a589-374bd75e620d,399050.28,38310.4,ANUAL
bb745f43-4c84-4ff0-81fd-7856ee2ef1bc,16361.05,1518.05,ANUAL
48ec3a01-5906-4b24-8f8e-a7e4a97fa63e,477909.35,54128.02,ANUAL
3065c438-d0f7-4d5a-b74b-c38a2259f6c9,474555.42,39830.49,ANUAL
a4b2f4b2-2fc3-41d4-88f7-4b0384fd0954,331069.01,20177.3,ANUAL
f0aaef8a-6d1a-483d-b4c9-a86a10a25fd8,404139.37,50551.19,ANUAL
74a57db0-8e42-42b4-8a82-9e6ebbb47351,342337.78,58778.15,ANUAL
ed4ef64c-945a-4b31-8a63-4e40db665bf2,53260.08,9854.03,ANUAL
b896d57b-c43c-4d15-9ecb-4baf6a2617f5,4501.18,527.18,ANUAL
6a304b39-1de1-4256-b7af-6d9d8fdc0770,160888.59,12267.06,ANUAL
8e252d51-0493-446b-a197-34fbb8d212bc,311103.49,48435.41,ANUAL
9de0824b-6281-457b-8ecd-a9d04d53fe36,332458.37,47491.39,ANUAL
d0091bba-16be-41be-bdf5-8a1fd54ffe70,297990.43,56734.89,ANUAL
9bda93e7-4e49-4c3b-8277-12a25138efcd,55471.38,8025.42,ANUAL
4baa5da2-4213-4f82-9148-aaabee0e65fe,5006.8,970.73,ANUAL
994ad41f-003c-42c7-9d37-32b3bb79755c,49214.99,2740.15,ANUAL
4be1b9b8-7bd7-4c0f-8209-4e21fc8d10bd,58797.21,4950.97,ANUAL
b0d6c0f6-1116-4dbe-9e2e-97ddd17e91b0,300551.81,39212.45,ANUAL
649d4237-9ea0-4440-815f-d3f72878f77c,150699.63,25736.73,ANUAL
d54adafd-2679-416b-b91d-e18b7afffbd3,113137.98,19443.77,ANUAL
6f3eb565-348b-4d66-83a0-1c9ac9afb6e5,259888.52,35431.68,ANUAL
47e8de8a-ec14-42ab-9e20-4bf7faaf9c36,254061.09,38517.98,ANUAL
2fb0ad4e-1fbe-480c-9997-415bfe0dc7d9,195944.61,29613.33,ANUAL
c64548ce-af3f-452a-8ca8-bc6139bb33fc,356448.04,45723.26,ANUAL
8f5d8bcb-39d4-484a-87b0-d56e958b8bf4,87806.7,5406.36,ANUAL
ceea5bdf-d616-435d-97cd-fd0d10b3debb,273546.94,34939.52,ANUAL
a4b76c7b-ed8d-4a21-95d2-185060b44954,113467.02,6754.61,ANUAL
2e6caece-3c4e-482d-9aaf-50955922fa25,454884.53,33924.28,ANUAL
b78df89a-1166-4169-9832-66359044f98b,187919.81,26354.03,ANUAL
33be7e10-514b-436d-9e1c-b8d348f10d47,170841.81,13942.42,ANUAL
8f2f14d2-dd71-4e83-ac8f-a01d22a6bc21,227748.3,18119.68,ANUAL
1ad78cb7-9f16-40d2-acb2-947a2692d9d2,460517.24,67895.37,ANUAL
cc79df92-8452-40fe-bf48-98c39b683ef9,262202.71,13494.05,ANUAL
5c59500d-0390-4be2-a157-7309283b0a49,53812.12,3079.44,ANUAL
8f82fdf5-ce8a-4b32-9352-2c6be20e7003,495481.63,31067.47,ANUAL
d4262a40-f887-4958-a8ed-d8134e08574f,458035.56,25641.32,ANUAL
580b2a50-f9c5-4a5a-a8a6-a85d2d3f413d,496644.25,88866.01,ANUAL
508ef695-12d9-40a8-aa8c-fb9564a146a6,148297.6,16852.67,ANUAL
d2180f8d-14f1-41f4-9932-add77a790ebf,449853.58,48281.84,ANUAL
e13812eb-974a-47bf-8eae-0f5150bdbad1,254893.63,22756.94,ANUAL
68d4dfe8-3d72-4257-adc8-3c5183b1d6ad,494543.73,97204.52,ANUAL
8516c341-cef1-4aa3-9bb5-cf03c0478cba,170349.28,24435.64,ANUAL
ea9d0fc3-de75-43f3-adc3-6cd148e6ce20,34459.13,3864.14,ANUAL
4d1edee6-e9e9-40c5-b941-cc14d19d55d8,40009.63,2350.84,ANUAL
4b00eabd-3ded-4149-95fd-eb5091c7211f,114702.06,20990.93,ANUAL
4fcd8cd6-b2b4-4da3-93db-32cb5f9f3d2d,8100.41,1087.81,ANUAL
4af6061d-f8d1-4e43-8145-48ad895bb84e,159728.49,14033.25,ANUAL
9ca592c0-b9e6-4b28-b08f-ec24916ce806,483256.41,60523.54,ANUAL
b8529c84-c254-4012-b2b2-f13c7eb84aa5,414943.74,63431.99,ANUAL
d77b55a2-5323-4e24-b54a-0b5436420c28,273211.17,16157.47,ANUAL
2362712f-f5e5-4b17-bb8b-090076441383,161404.35,20233.37,ANUAL
b26c4773-f256-4071-81b7-041a3b2b80d4,473829.05,79125.41,ANUAL
77f9e023-c1c7-443d-a62d-b378e5ce1bbe,338514.03,67396.25,ANUAL
75630793-dcf1-494a-99d1-b717e8c9ec85,392307.8,32892.04,ANUAL
e8929eb3-8d31-484e-bfd0-537aede5a45b,50887.74,8781.18,ANUAL
36353222-f006-4673-ab58-6e82c96062ec,390161.97,40842.57,ANUAL
2765daff-cf4b-4628-9e66-89611e0ef7b5,19082.42,2409.09,ANUAL
90fee257-4b86-4ebb-821f-91f4b0254100,80717.36,8012.33,ANUAL
83202211-e74c-41a9-8403-68c79ac92d75,441162.75,85717.27,ANUAL
61e8d282-73be-47e8-81b0-213f0cbd94ae,242253.77,28867.28,ANUAL
028c6636-a6df-450b-bec0-a35cb28ff4bc,205792.41,12906.16,ANUAL
118aa57f-142e-4406-99a0-6847e1069021,364012.45,30671.28,ANUAL
0533bbe2-db20-46a4-8a5c-5140647a5592,472850.95,63763.0,ANUAL
1ae32dba-f796-48f3-9229-46e8e8978f81,283231.08,19720.87,ANUAL
f795e225-c791-43e7-9aa2-5ea048da1a1d,188604.6,15234.43,ANUAL
d0dbb62e-13ff-429b-aa4c-1728b5b99731,119749.76,22313.46,ANUAL
e5014ced-d55a-4790-b68a-0ca4f141cd3c,301931.46,21399.56,ANUAL
7ee4b419-5948-490b-9d1a-b59f63272e8e,494333.02,50263.5,ANUAL
2fc0cf90-a03e-49eb-9056-5275e895ab99,141900.77,15954.27,ANUAL
2226ea17-d6f2-491d-92de-c14d827734a1,91597.05,13066.06,ANUAL
7f095b56-cbd0-438f-a839-46cbb97dbf99,464008.04,39123.63,ANUAL
e3b7fe8f-d347-45c1-905b-b4f5a5821d72,222338.15,30122.9,ANUAL
6970532d-b8d3-4a49-9529-77e2c2156d14,314558.76,39084.68,ANUAL
faac0898-b243-4cb8-b52e-079df1d0d08b,82711.39,8337.14,ANUAL
aa864a38-eab3-4431-a944-07528e70d062,227216.27,16378.38,ANUAL
4af35e5f-8cf8-47e8-94fa-e9a7742cd0f5,99771.03,11932.85,ANUAL
63b8de6c-cc23-4f3a-aacc-9a7798e33d5c,152246.29,27323.05,ANUAL
53939506-3eeb-4466-95f2-465147dac9cb,74615.26,10830.64,ANUAL
3dcf5ac0-9aa4-48d6-9d06-75a3e306ef83,241390.59,23891.31,ANUAL
2067e7b8-3cc0-40ff-9b34-3fa2dd109cec,386071.28,23231.31,ANUAL
62ed0779-95c2-4d69-b659-ad48f19bd4c4,72733.73,12877.83,ANUAL
861fac19-6b4d-4525-b741-b78c02d88d1f,201258.7,22521.7,ANUAL
424807aa-7b32-4df4-bd42-e39b068ef0ff,318673.83,46128.92,ANUAL
280a17fb-c18c-4be8-b335-4cf95c28d81e,140302.26,26743.69,ANUAL
e0d8ea40-fc34-44ad-a63c-2ba3dc6b4b07,219589.04,24385.9,ANUAL
76c85b22-1c1a-4a9e-9782-5ba99f866448,431691.9,82714.62,ANUAL
4ae54396-5a42-44e3-81ee-6a4160041620,254657.93,27319.22,ANUAL
a4f08653-fd44-48ee-9a53-f41e658317de,253838.97,30288.09,ANUAL
f203d032-0d0f-47b8-a9f4-f59fb7b05e96,239158.93,35836.13,ANUAL
b1184464-d4e7-45e2-a815-02cbfa726e6c,203055.09,36502.32,ANUAL
8fda3319-08de-4802-91ab-1fb6aa8cee51,182211.28,27826.3,ANUAL
a40435fe-43b9-4a27-ba0e-339db69467b6,431671.41,58891.72,ANUAL
290a3bfb-3290-4780-bfb7-4bd8e05821f0,321497.45,31058.75,ANUAL
e5657669-e52c-4ecd-83bb-6b43aadfe469,23317.1,2432.97,ANUAL
8d131a20-ccda-4132-a9b8-cb2910a512b0,409990.08,28595.35,ANUAL
f666701c-b93d-4b38-aee7-dd6600008567,394256.93,58816.63,ANUAL
5d8323a6-aa70-4a8d-a6e7-b9cd4dfa48b6,84425.61,6844.79,ANUAL
827f8382-2641-4ec7-a8c9-78d548133915,286871.31,54322.53,ANUAL
0062968a-e10f-40c7-a8fe-45d3b68e73f3,16108.48,1845.56,ANUAL
52635efb-b599-4366-8bca-9a7e9a63057c,109299.96,12710.39,ANUAL
14cf04e1-cf35-4faa-82aa-a34363cec654,174096.48,29231.12,ANUAL
0d0514e3-fd04-42e0-9cd2-2ab50ae950b0,379047.36,30285.41,ANUAL
78c6bd91-0759-43ed-a5d4-d6b51cd27dcd,141957.84,23174.74,ANUAL
b8c94cb5-757b-48e1-a00e-425b93b7cbae,143566.3,11438.74,ANUAL
0db44dd3-d35a-408a-bfc7-a7909cad6f8c,410428.93,50308.7,ANUAL
5074a335-019e-4b44-b8f2-8b45de35b0ce,57142.22,6897.31,ANUAL
50618078-4892-42ad-89e4-70362a9675f2,228415.27,39174.36,ANUAL
2a484d0f-5d83-4a13-a0f4-cb8d1598fc67,80490.26,14890.83,ANUAL
b6139481-e608-4a36-951c-ca4b8b149d8a,404425.74,60394.06,ANUAL
6ca2b308-a92f-4a8b-9ee0-7f6927321bc5,279651.69,21303.36,ANUAL
500a8dca-90fb-4b64-9b25-ad3bfb447983,50747.81,7198.31,ANUAL
a857a0c7-3b92-46f3-922d-8d6aad5d7f0c,448200.42,26776.8,ANUAL
d9f42c8a-93dc-4d0e-8575-33ba6e6423fc,205556.62,28180.27,ANUAL
464f6207-a73a-4c7c-a5c9-55fe6b6e984c,105583.14,14181.24,ANUAL
c6779fa1-44c5-4c0e-b9bc-98acdcc8a707,379497.42,72383.79,ANUAL
beb82a7f-9c09-4b95-bffe-7b628dc18cc6,139249.47,22702.16,ANUAL
ff08f1a8-bab4-4034-a580-a7cf64890f93,438226.08,25784.25,ANUAL
7ec9e221-0382-4466-8fde-16adc92fe760,265681.68,34392.52,ANUAL
734ded67-ad5b-43cb-8659-fe5b6d6a452c,59635.57,5894.82,ANUAL
c571a3b0-eb25-4c97-8d1d-c00cd901efc2,346203.73,68043.06,ANUAL
7343420a-30f3-41ab-b1aa-2bc82d4c7497,334917.54,58409.9,ANUAL
2710ee46-a817-4978-91d7-fc8267fd3503,165965.59,10492.2,ANUAL
968fe3e8-c0f5-4593-bf64-f5f919388943,97596.32,13703.78,ANUAL
279e6199-8418-44bd-a089-7a9c22afba86,199799.42,23461.42,ANUAL
d6aa1558-0571-4753-9637-767c67669190,330939.75,64024.47,ANUAL
b4d9e086-c496-41f4-b61a-f6dab89769d9,56532.25,9483.86,ANUAL
51049046-0daf-44fe-b017-aaeb76f9f107,175437.47,25388.0,ANUAL
0c981e12-2c70-4f3a-b99d-6a3e318853f9,395827.03,72992.39,ANUAL
fde9fe8b-b24a-4ae0-b34c-7881d2b094d4,140054.22,21476.38,ANUAL
92b1eb81-0b00-4aad-b61a-ac8e0abb9412,121879.65,8055.32,ANUAL
88ef0784-3572-4b24-950d-07a2b211bf27,92820.47,11706.74,ANUAL
5600ed68-da5a-40fd-9371-ea907f05ffcf,107193.97,14614.45,ANUAL
6247b4ba-47de-4dd9-9f0a-0d81c10873a2,100218.05,18882.41,ANUAL
6b034a8c-de5a-4c4c-96a8-463df379cfd2,321265.8,16665.07,ANUAL
bc0bcb31-b142-4da7-9557-dd5a3cc24987,395565.55,48074.99,ANUAL
f2f757aa-4964-4b19-a519-b3d66ea64745,4221.67,371.76,ANUAL
7c5f34bb-f53c-429d-9a81-b2b8b90d1ed3,403584.64,71991.26,ANUAL
979663aa-f9a1-4f8c-81bc-de8b39916581,436809.59,42882.03,ANUAL
e3c18dd7-776c-49ca-a825-9d19c25574b3,319543.43,40226.8,ANUAL
0e750aef-8da0-441b-a887-86520e0b5bcf,121295.37,14938.15,ANUAL
1de3923e-4023-4a56-87a2-365468db9cf5,442011.5,50552.36,ANUAL
3ef50dab-3007-45c9-ad57-a908ce68bcef,374619.01,24526.0,ANUAL
533ec595-be61-43b6-8374-472ea88cdbaa,252445.59,22343.74,ANUAL
8bad0c4e-3616-476f-9a8e-bcda39688f36,83494.72,11141.78,ANUAL
acd178e1-2b6b-47fa-94c6-7f2c3c675bf4,358621.38,65876.75,ANUAL
248edab3-90a7-4839-b690-98104100aaf1,184547.49,22895.46,ANUAL
343bffbe-a2a8-4b38-b932-5d3c4bb6d4ad,382428.51,26085.3,ANUAL
fa0b5479-7ab5-4644-8da2-6743f80c3f05,157896.45,29948.6,ANUAL
e3268ed5-f379-47ca-8d18-5ae5dca64559,165740.72,30185.39,ANUAL
1dcd9587-8dd9-41c1-9a28-22074e68084a,54097.22,8997.65,ANUAL
613171ae-7793-4c45-b853-e0843a9f9104,316974.7,51612.6,ANUAL
bf761940-91e0-42ce-b8f2-ac6a0d7c5451,141694.51,26358.03,ANUAL
4836ce2e-0172-4ec9-a44d-b4793d7ef55f,134596.83,20861.09,ANUAL
09e1a0af-6cb8-42bf-b7ee-9ada7399d764,404914.75,40021.26,ANUAL
b090e3c9-77c5-4f5e-b0a4-eb52e5db3dc5,15058.16,2490.25,ANUAL
3e7b28e0-5caf-4230-ac1a-49f934586848,251151.9,43483.63,ANUAL
0ba2ceeb-3f06-4eab-b405-6ff1e46ce069,362621.96,59472.99,ANUAL
0d234434-e609-4a70-aaea-189e87070ea5,334385.12,65442.25,ANUAL
98a94528-0ee8-4ed0-aa77-8a551e48ce66,293133.12,20117.34,ANUAL
0eccb256-b88e-4db5-97e9-0f0a74bfa046,136270.27,24603.68,ANUAL
d23cc6c4-bd8b-49f8-aba9-748414de19c5,198703.08,10109.42,ANUAL
a968e43b-ad7c-426b-bc16-af747a5304b5,157396.48,11320.1,ANUAL
e9741dd5-a25c-4fa6-9782-dfdbb97f8c27,367803.82,39650.67,ANUAL
367aae60-08f3-417f-8cf3-fc488636737e,340984.44,51221.13,ANUAL
c21868b3-28a5-4a52-aca6-8837cc87bf21,133762.35,15754.31,ANUAL
fba1e603-2f47-48ff-b90f-fd16ec309523,51604.29,8501.08,ANUAL
fe244d14-4870-4c88-b9b2-40e619341459,282052.89,49004.59,ANUAL
7ca1d2e7-f63f-40c2-b315-d562a14e346c,162443.28,9135.4,ANUAL
896efb7b-6321-459d-852d-be61c3cc3907,210568.11,26611.08,ANUAL
6a91cbab-28ef-49ee-8211-5cd45a879561,131856.54,23838.35,ANUAL
a5da47c2-6d15-42da-8c50-829b4745bf87,136843.52,7602.18,ANUAL
96a31b9f-c4ff-41f8-87b6-faa4283565ca,28399.68,5150.28,ANUAL
589e9e82-e191-43b5-9dfc-60f2ea4b9814,457176.24,42641.5,ANUAL
4e9b5b1e-a2a1-4482-81a4-e222bc8e6d17,433426.78,77364.26,ANUAL
62904c4a-626e-44ff-aca2-14e62bf113c1,222351.05,27546.93,ANUAL
0f3d641b-6b4b-42bf-ba75-004be9b915ce,3324.6,323.29,ANUAL
96b371f3-567d-485a-8ec6-8833c4306302,295742.85,17744.85,ANUAL
bd0a5131-5763-4aab-8b0d-62dd55715a7c,327689.97,46252.9,ANUAL
cacd6ba0-7abf-408e-a4ef-2567e9fb52aa,457099.96,60720.16,ANUAL
3890017c-f59f-4a2d-906d-eed6402794da,7031.61,477.9,ANUAL
16bc48fb-6a53-43fd-be6c-0253d2de757b,228738.62,24171.33,ANUAL
644dec14-869e-4812-a2ef-05d7f2922575,129836.79,10817.4,ANUAL
64843c37-f118-432a-b48c-70866284472f,405225.12,74779.27,ANUAL
7dcb608a-74fa-42ab-bd0f-f2ae11e8c246,305064.67,21094.25,ANUAL
3cb2c122-58a6-498a-8358-d70b7781e216,486960.85,86181.77,ANUAL
3d0a528b-1b5b-4a21-a0b7-d80c811e3e6e,316824.19,53140.13,ANUAL
0cb351c7-f2cd-4f11-9873-6a1333699110,94871.63,15519.64,ANUAL
ba4bbd6a-d69e-4ebf-b8b2-b0c799ec020d,43389.01,5116.41,ANUAL
8caffdbd-e89f-4fca-85a0-44f932f77965,242112.55,23999.24,ANUAL
b904ce37-356d-4449-a0af-7748152e7eea,259625.15,29265.95,ANUAL
7dc6b5a1-a185-4295-9e05-f706456467ad,208311.05,20844.92,ANUAL
e3c64d0e-9e83-4356-be7e-36a889640096,231411.44,44213.9,ANUAL
76373bf1-31c3-4873-a4ed-672d3c4c7601,275098.22,29530.73,ANUAL
67db8b1c-06ae-4287-839a-b488d305ad38,102637.99,8764.37,ANUAL
0356ea6e-fdd3-4af7-a22d-74dcc2c369c3,390184.87,75866.29,ANUAL
3a04098e-10d9-4ab5-b210-ef3d29b2b84a,201924.9,24611.94,ANUAL
d88a73e6-e48f-4097-95a5-079bbd8e57ca,413070.99,21041.58,ANUAL
250aa9fd-6c70-4f20-b952-5843f122e12b,234358.84,14752.45,ANUAL
6e6becdd-ae9e-4298-8159-95cc5a3376aa,305136.17,42278.04,ANUAL
7292416f-a237-4a1e-b0e0-424a6fb0c9ad,66992.08,9139.28,ANUAL
8a60a05f-98e4-42fe-94ec-66714b07b801,475415.75,46527.53,ANUAL
c8b0b1d1-61d8-4039-8a98-96d4d4a7bb00,193585.37,25292.12,ANUAL
a4607186-e779-4d3a-af5c-a2d8dcf29a33,263819.33,41395.33,ANUAL
e099bec0-f24b-4d59-86e5-e01ddc05e0dc,39000.61,2761.3,ANUAL
f82e851b-3da6-476d-be4e-99510137657b,10676.75,1924.07,ANUAL
93fc50ef-e927-4737-bdd6-1b19a0ffd4d5,418086.41,52815.04,ANUAL
e9ff5d6f-d965-4a62-8d51-0ce3281a92d1,451726.66,33645.21,ANUAL
82e942a1-8ff3-4dfe-977e-74ee42cabf27,131727.24,24918.61,ANUAL
cd83b4c1-b53f-427e-8699-5f43edd8694c,171035.29,29848.76,ANUAL
b5245afe-c4b8-44c6-8a8b-e504288edf57,38280.54,4628.03,ANUAL
7d4cb4d2-b608-449c-b356-30be83b85d6b,56749.13,3855.47,ANUAL
4793ff72-5344-496a-b253-305d6c737806,362336.21,54056.91,ANUAL
ee3c7683-4716-4218-ac82-15fa75b653f8,138620.78,17952.23,ANUAL
6baa6a57-6955-4d0e-a1e2-89d58c83fd62,447987.27,50062.64,ANUAL
0d8cd382-ed6c-4d6f-85d9-3edac3c4185c,446983.51,36948.88,ANUAL
e1d7bd4c-7d37-4cb7-95bd-f5dd0a0d4d87,106141.2,14570.57,ANUAL
383ca3ea-a5d3-46c6-b810-39d4fd66eda6,50857.3,6178.36,ANUAL
ed5d7177-a6b9-445b-b28e-1c62e95aef9d,28816.87,2014.42,ANUAL
40697a7c-0ea7-457a-86d8-6e9b1ce74d4c,103451.47,9600.38,ANUAL
4f3daee7-d4af-4f60-86a9-45c7201eb1ff,443658.64,35092.97,ANUAL
351dd5be-481e-46fa-b8b2-7ea7fd7dc139,415037.41,81334.07,ANUAL
67b59a4d-8100-45e5-9846-9b58c3a4d12f,27867.7,3814.91,ANUAL
3e0f193c-7cb3-4def-81b5-51a982269250,356069.68,28950.58,ANUAL
abd07236-067b-40c2-a000-bd958a616992,434237.99,47019.51,ANUAL
25665bab-116b-413a-8e37-35624e8fff91,338891.27,25802.88,ANUAL
a6e3594e-a4ab-4ac6-9d48-498a63918842,443420.92,56182.53,ANUAL
937590a7-9d9f-4db1-a9aa-2984ef71dd70,467225.22,32826.2,ANUAL
9d6413de-05a9-4a1c-82a0-0b4e7e186b91,52977.61,5506.33,ANUAL
f6fbadff-fd06-4994-b81a-1a8c3a9befc2,332410.73,58635.81,ANUAL
a587ca4c-c5ec-4355-b1a8-17a450afa835,226381.47,23244.58,ANUAL
2148709c-e3c0-4500-a81c-d0b14ad1a729,425728.33,72431.64,ANUAL
76db67ca-8343-4c13-a7ce-e27584803a35,61917.91,5389.6,ANUAL
19992dfb-8bee-40f1-ba40-89347d5f6981,175476.0,16730.94,ANUAL
14bb68e0-5024-4e01-9b4a-d6a98cbf402b,366731.12,65006.94,ANUAL
608020a8-16ce-405a-9a94-28fdd38fd5bc,264263.73,19218.46,ANUAL
18e2e17d-e4d6-482c-b332-c9c7a29004b5,257535.17,24666.03,ANUAL
f7f58776-dcc5-4874-bb58-2cfce362e599,228730.87,13983.48,ANUAL
322dd3b9-6907-43d0-93d4-71d1404a8f0c,299916.16,23579.02,ANUAL
1c580c94-8a0c-42de-b261-274e5c84c6c5,102955.44,11953.39,ANUAL
dfd93b80-afba-424e-b73e-76aabea26a4d,273319.09,35626.7,ANUAL
5e0c167a-6f72-4a12-814d-6197332ac333,153761.58,11743.16,ANUAL
046ba5b2-a9a4-4e97-bbfd-a1b44c233df1,296915.47,21204.55,ANUAL
ded9d2e5-a89c-4a41-9890-a97c2e0b1bd4,127932.95,8869.77,ANUAL
146ebc7d-3c47-4775-b04c-b2355fab2ed3,376180.05,74675.26,ANUAL
ca22f1d5-51e4-4791-b952-e69df9746733,112674.08,18587.83,ANUAL
3c2f764b-40d5-4659-9e40-4d4f0ee60962,184931.75,28667.8,ANUAL
1104e56d-a9ce-4336-aeea-ca9e8e6df904,406199.41,54771.48,ANUAL
afa00ea3-161c-4f55-8fba-c40e710d2214,383641.0,48938.38,ANUAL
724fd89d-c787-4c7e-8dbd-b047d2c060f0,172149.83,26301.74,ANUAL
3ae7ff69-8a65-4fa2-8727-61a9ecaa28b6,202404.83,28226.96,ANUAL
525692f9-cf3a-461d-a0c9-f9eef38b53c0,168348.25,25152.14,ANUAL
0a3f2309-b2fb-445f-ba9b-438be037fcf1,306539.87,59064.87,ANUAL
2d9548c4-e884-4581-9b19-7ddf34d23643,370304.8,20008.41,ANUAL
893eddce-81f0-48ec-a9b2-330aa7865f06,136050.82,26491.09,ANUAL
672f8dca-02a4-45be-b074-174d92e304bc,430206.05,48067.92,ANUAL
d7c39517-09e9-4a29-b3e4-2550ee975ae8,282387.86,32681.79,ANUAL
33baebd6-1297-4a32-af85-a90a2bcac27a,174557.23,32172.18,ANUAL
e78db17c-31cb-44b0-a213-023484f9e098,322423.91,41526.29,ANUAL
7cd90e5b-6af5-42cf-913f-54e5bb172d41,84604.14,13071.15,ANUAL
baeee315-0eb5-4f62-aded-f736a7e510e2,14908.9,1223.47,ANUAL
09e69fb0-b48e-485a-9c26-a1bb67d6252c,144799.89,18049.8,ANUAL
304fa15d-4d00-40ee-ada3-a0461b7b9a58,207557.51,29528.09,ANUAL
7d064653-f3ac-44fa-9e22-1237dd3b0671,463613.42,81929.06,ANUAL
fe867e69-4aa3-4693-a68a-75fa7f9405b6,185675.53,16459.92,ANUAL
e89df6e7-125b-48fb-982c-ea73c3d51aa3,398238.62,21984.37,ANUAL
712f15f8-f23b-4926-aa80-0ba008fb4c67,219832.96,16331.56,ANUAL
16bb4faa-5a2b-4b53-bc3d-f0b2586c58cd,90746.06,5393.47,ANUAL
a8028e7a-1966-42e5-9671-1aadda29c5be,493196.55,33571.25,ANUAL
3e66caae-679b-4efa-b249-d3b6b7d336b9,394911.51,76441.58,ANUAL
83e138ca-3cfd-4592-beab-b7c882b49a3a,341039.78,20370.92,ANUAL
fa5faec7-0152-42e8-bd56-0e3821175e9d,405124.48,20502.11,ANUAL
1e2f2c1e-f444-43a0-9ef0-17614612f2dd,166642.29,11754.91,ANUAL
ec6642dd-0db1-43f4-bcf6-ba591898d38b,228220.29,28563.57,ANUAL
bb9d5107-1031-47ac-9229-a9e3c1a2f77d,242879.24,39095.97,ANUAL
40b26861-789c-47f2-ac6d-013dd48f2866,62048.21,11195.54,ANUAL
96d05a5e-85ee-42d5-8e49-f579dd35c00b,147218.24,26158.01,ANUAL
c3569717-8a9c-4452-bebc-36dee965f0f6,204809.91,31164.7,ANUAL
23e8fe9c-d64d-43bf-aa68-f8738ef94019,362228.9,64638.35,ANUAL
69635892-4531-408a-b90c-7741b75ef2d5,321507.62,30246.52,ANUAL
943cc365-0c7a-4343-afde-794a3e26a9ea,66073.78,4128.31,ANUAL
6dc2b0e4-3e09-4abf-9408-3be76555f282,80481.87,12903.02,ANUAL
934a1eae-ee71-4642-a813-2086277f434e,365229.51,39896.95,ANUAL
ef931899-4bad-4240-bc9a-34449d89eb19,480669.23,58584.25,ANUAL
0feeb059-9282-4c33-8301-13feebe027cd,2189.38,130.23,ANUAL
881134d9-f3b3-49eb-bcb7-08a7c47db63d,412770.15,79559.71,ANUAL
918cf283-e77c-4c9f-9aea-3cf1cdaca6ac,114589.06,11688.26,ANUAL
cdcd2cc1-5bf0-4264-b88a-eb880239dc2d,254202.11,31869.07,ANUAL
4878d1c6-a1bc-42df-be82-65e89d4b962a,367376.29,24080.59,ANUAL
e3f5e32a-2753-4102-8ca5-c0dae37182f9,202031.23,18888.52,ANUAL
abc9bfa1-8464-4583-b765-19c70539efa8,199329.69,15166.12,ANUAL
850129c5-76a0-4b5a-8d81-6b3e793bcdea,67468.21,6273.8,ANUAL
2b7d7c79-44cc-4c9c-8a1c-c6bb85117a1a,344495.1,67858.04,ANUAL
75d2dbc8-84f5-477b-acf9-2bf7467d6b6c,311071.9,41869.98,ANUAL
0747758a-7a96-4350-9005-b371134f02c8,403881.01,54514.8,ANUAL
9f022579-1aa7-45ec-987a-fdb47ce03409,492038.6,35517.13,ANUAL
afafd775-6d39-40ef-b1ac-37c0ebf80def,268109.4,19553.46,ANUAL
dbc6bf03-871c-4d9d-8071-7a59b50c2157,115865.52,22326.04,ANUAL
6039764a-39e4-4bca-899a-24ade945c8af,200838.61,37991.52,ANUAL
2ab0634e-c725-4e76-890b-23877371d9e5,343252.09,36757.77,ANUAL
7d7ee030-ea71-495b-85b0-e1b6166fb7f1,304596.87,33006.43,ANUAL
c76d8fe6-3729-4d19-bb6e-48faa82a3c19,489574.89,85472.55,ANUAL
b217132d-d580-434d-9920-ea6f544149d9,46674.93,7460.89,ANUAL
058f79b9-e41e-41e3-9312-d03ec695fafb,335516.84,33118.68,ANUAL
b29cd689-7202-41d5-bed7-fe9fc9006499,456718.61,25935.6,ANUAL
7f1033e9-3f8d-48bd-baf9-abcd933bd308,52000.58,3920.84,ANUAL
e5d2eca7-615d-46c1-b8eb-4f6858d3dd10,16829.53,2811.21,ANUAL
43976fca-69d4-474a-8f08-0bae90c73640,318691.22,46381.06,ANUAL
9694596b-e554-48c3-80e5-6099598f036a,353218.97,25357.15,ANUAL
a144cda6-593f-4a52-bcd1-9dedfae89380,92758.69,5299.93,ANUAL
e093dc03-d0b7-4045-bc95-973b5c2dc26b,49401.23,8235.32,ANUAL
1a7fa7f2-23bb-43ec-b79c-86a84871e83e,145020.47,16760.57,ANUAL
0eb21752-64ec-4d92-9870-03ce390377af,367769.56,68194.18,ANUAL
c094e16a-5551-4500-bb67-4b518ebecf7c,266616.38,15171.25,ANUAL
7ecdb6e8-3a3f-487a-960b-69a56bc22373,142909.24,9621.6,ANUAL
acb74e4f-5284-4a65-bc92-3236cf056ad0,64924.25,6897.7,ANUAL
fd9c6509-89db-4475-9431-efce2326a94c,8193.93,1104.01,ANUAL
5a1b2edf-07c2-4a55-9bf6-dcd0a46bbd1f,306268.26,56099.73,ANUAL
77861a30-e87d-4383-8887-d8b734accd44,158003.53,14026.34,ANUAL
c0953abb-2655-466c-97a0-8ac633d8418c,495322.27,96476.95,ANUAL
a5fd1bcc-c3d3-4b0c-8182-260714f6efad,176924.03,15266.63,ANUAL
83f4b0da-5b81-4cfc-a6e0-042a5a309d2b,491598.13,33410.97,ANUAL
0d1690aa-8edf-42f4-803f-088586fd2494,1300.37,112.74,ANUAL
997e452a-f16f-4c47-a98e-4dfe519aff6c,68390.18,11362.89,ANUAL
6d8514c3-e033-4387-bc65-0c0254ea3911,409288.3,44931.04,ANUAL
5fe2ca3a-6e24-4048-b0aa-18601b48c3b2,246042.38,38835.11,ANUAL
52f5f26c-7a0a-4815-9322-158165ab62c6,350280.69,64940.34,ANUAL
61df70fd-ffc0-44ea-8313-d742cc7b82f6,318623.26,48223.89,ANUAL
21bb5034-cfd7-480c-b788-734a44f8528e,144111.68,14779.27,ANUAL
5c593e26-9891-434b-9c63-9af0aadb86ea,424320.3,73609.05,ANUAL
bed9cfa9-ec6a-4a0e-a1ed-525c0812cfe2,479487.85,54714.37,ANUAL
7bb61712-d018-41e0-b4cf-546592c4eaa6,415633.67,75944.31,ANUAL
74c7c287-7161-43dc-a024-081a80fd1f4d,11082.85,1990.94,ANUAL
574afef6-1322-4129-b76c-69bc27dd6ac4,419660.04,25635.64,ANUAL
1dfc0858-ba4c-46fa-973e-3a626420c83d,31156.43,2456.45,ANUAL
316d3ea4-2cd7-4a27-b8af-1b3fb1a74b83,116419.33,22136.76,ANUAL
89df4f4e-2c00-4eff-ab31-da5b7f1ddef6,381725.33,45596.11,ANUAL
bdfd4733-eaf6-4154-81d4-547dc0d174d7,306096.08,52393.97,ANUAL
969463ec-e820-4ee0-b132-b82a8c3531b0,161371.24,22222.51,ANUAL
38df2566-2874-4112-a0a8-84661e538ef6,482556.74,42671.62,ANUAL
639df0c7-924a-4997-b1f8-3dbc848ac792,246321.84,45391.16,ANUAL
62e026a4-5a09-4878-b140-d602ad6b6864,418055.02,80550.29,ANUAL
63454051-ba0c-45fc-83d8-f7f5bc981473,311858.67,20305.46,ANUAL
23fb914a-e9d8-47e8-8cdc-4417915b2822,482353.03,61847.29,ANUAL
6deb8423-f84c-4f02-bd54-a0177e561133,38843.03,6010.35,ANUAL
300c70ad-144b-4d9a-8136-f1358658084f,389134.95,61507.11,ANUAL
e989c862-1bdd-4db3-8388-15bb7e0970ac,392038.63,57309.84,ANUAL
9a1462ab-7c0d-4259-9db3-6b4a39cb2d8d,126454.5,23190.46,ANUAL
3f372ec8-0fc4-40cf-81de-68b6972eeaf0,168394.24,8487.8,ANUAL
8f52028c-e071-4057-a99e-f231ef54a0e7,7946.73,570.68,ANUAL
60095c36-8d3e-44ca-91f9-c2e0f331ff40,223974.87,35729.55,ANUAL
01fa97e4-5d2e-452e-ac5a-33df124aa736,385346.41,74433.95,ANUAL
698c3151-dcc3-4890-b8c0-a530a57bbe2c,70287.08,6169.45,ANUAL
511abd7e-b921-47bc-9fc2-7427bd8eb295,353168.71,54754.38,ANUAL
b6676c79-fe24-49e5-94d1-0408d7efd908,233999.78,25039.11,ANUAL
96c8ee8c-2902-42dc-838d-534e0983b099,371495.71,53736.3,ANUAL
0a409779-2d50-48e5-90d5-2386c2b3740c,226195.01,38307.9,ANUAL
d1509705-24d1-44bb-a5a2-da9ab04bd299,462572.04,40229.36,ANUAL
8f1b4765-5c63-45a0-a49f-72801d32f004,144107.35,21892.39,ANUAL
82bbb07c-665c-4d31-bbfc-1d95761564f2,95771.62,12048.95,ANUAL
a3dcc863-4f8f-4a39-a44d-ba1def8aae0a,264723.46,31072.83,ANUAL
a4b38f8c-60b2-411f-9bff-cd8c66870c1d,137417.93,21245.92,ANUAL
8c0d94aa-9a5f-4001-8361-91eccdb67f84,200001.64,14693.47,ANUAL
b4ee2bd6-79d8-4aac-a1bd-dc793668da9f,305195.51,23982.13,ANUAL
8643a938-11dd-43cd-a14b-cdf4a2f379e4,252223.8,49134.2,ANUAL
2cb511fb-22b1-4e7b-80fb-b2bd0509849d,29739.42,4411.22,ANUAL
15d323f6-24dc-4c88-b99f-00b585c85b10,469985.62,29930.03,ANUAL
abbae278-8564-48dd-b269-b78763687ed5,314600.87,27789.29,ANUAL
17efe3fc-6017-4397-a5b3-dd099eb3b8a3,164158.7,21441.36,ANUAL
46b6fdb3-92db-45d2-b522-c272b4e87fc2,382047.08,23921.34,ANUAL
606886dd-7412-4cd5-8508-8145dda0efb3,353339.8,38522.42,ANUAL
7ddea6ca-6d0a-4c9d-b05a-476b0b9c0463,480426.94,75111.33,ANUAL
6a8595a5-61a1-4da1-9ada-2b1416bb9eb4,471031.01,78266.89,ANUAL
ff3ccbb0-30d0-4bbd-8359-4f70983c231d,88163.64,8995.05,ANUAL
91eda2f8-75a3-41b9-87fc-ebb92cf9bc5f,330021.75,54394.42,ANUAL
70cc286a-8778-440d-9912-b6eb39fa8c17,83778.18,12123.55,ANUAL
0ec884a7-5ec8-4d13-bd22-db84f31f7ecd,256714.03,31139.17,ANUAL
24d29a1a-0dfd-4077-8c9d-8bdf8d03d513,487425.25,81975.45,ANUAL
651feed2-9965-4749-9e86-dfa5b1f62911,469099.64,40778.24,ANUAL
b1e5ddfb-79c6-4a39-a03b-c5ef708cd940,234692.42,37090.13,ANUAL
2cf7bac6-9337-4326-8bc1-a165f1ed1bf6,130691.44,22529.84,ANUAL
5094079a-9d4d-4c87-8bcf-4fa4141c8e61,336500.61,35929.84,ANUAL
c756ccc4-22f4-445b-bd97-e50d2eb3dc80,82752.47,12880.84,ANUAL
0d9434df-2b5e-455e-9714-ecb55d8bbd0e,227986.87,44532.44,ANUAL
51f0232d-93df-46dd-af5d-dba015e3ec13,164704.78,22107.66,ANUAL
157f3827-3c48-428f-bf09-a63c562dea94,123739.35,11971.14,ANUAL
1b33ae4e-caad-4d32-95e8-a33bb6c6d1da,305827.75,60858.42,ANUAL
f36b00e5-c51f-45c2-893d-319803f79789,1495.68,177.7,ANUAL
51321d4e-5a2c-47ab-bb52-12b362a585de,428002.88,67336.27,ANUAL
bc8099ac-e3c0-420c-93d5-c1118caefb8e,303527.77,38979.32,ANUAL
9f179602-f297-48a8-a958-ce65e8026cc9,104853.62,9936.94,ANUAL
7f258f16-0056-4044-b206-b541ac383df7,263047.6,37383.94,ANUAL
9ada00a8-7e52-4cc3-8d84-93989ec40e4d,97485.84,15484.31,ANUAL
84f997c0-cd84-4115-81db-428cbe1e3351,141761.85,15259.85,ANUAL
949cf916-fdeb-48bc-ab3a-7841b78300e3,492955.99,38763.69,ANUAL
9e36d74c-b113-4002-b71f-3556f0cec98a,310509.85,16128.08,ANUAL
a3ff3df0-a653-4cd6-8ce9-61014170c613,145477.49,8808.53,ANUAL
1df40fde-1a7a-4319-ba4d-f1e3a099b844,295286.63,57723.46,ANUAL
e2976c92-dc58-41ee-be73-eb5cd23aa1e1,114606.3,17447.47,ANUAL
8880b647-9ea4-492b-ab14-240901644d49,396963.03,50793.83,ANUAL
9be2a729-1d72-4ce3-b0f4-c88b4689025e,101860.1,19453.99,ANUAL
c500c3cc-dc87-409f-960e-078787ae33ed,54547.8,6794.82,ANUAL
f0c514cf-cc9e-4e42-b5a8-2ae3128042cf,18202.78,1326.36,ANUAL
24103423-c68b-47c0-96e0-c4a319d88d71,292408.61,42763.12,ANUAL
afe824e8-d572-47ee-803a-ab7868e7f92d,220496.06,34228.52,ANUAL
3724f4d1-b136-4d00-9e62-f6e8fbd391a4,65135.9,9564.77,ANUAL
54af48da-5d98-464c-a6c9-0f475187dfa6,215926.2,32281.86,ANUAL
6d3178f1-1775-49d0-a232-0a3d3edab4ff,489764.03,76001.56,ANUAL
95ded7b9-eefb-47d1-96f7-55d661500be0,291346.72,27345.05,ANUAL
05650c9e-4eec-430e-baa1-cbcd0cc5c2f2,182765.23,34050.71,ANUAL
b525991d-a149-494c-9f66-af0a590f864b,36670.25,2776.29,ANUAL
0467d1aa-aacd-4c3f-9ece-393e801c86a4,343032.43,44750.43,ANUAL
b693c817-ce69-47a6-a1c2-7a2358afbc2a,97547.02,17785.78,ANUAL
291f996b-57cd-4159-b834-a426974b70e5,121458.16,23402.73,ANUAL
b00dcb8c-cd95-456b-bac5-5b767cbc9552,360170.7,40640.72,ANUAL
da8fee64-c12b-4800-8256-618963707c3a,312905.33,59710.0,ANUAL
80f160c9-e5f1-4039-8126-d48523cdc78b,30044.58,3364.92,ANUAL
e8d8c677-c5d8-4fa8-9190-d5b0a6c48b1f,312870.69,17438.67,ANUAL
653c3940-ca42-4755-b742-d052763222ba,289725.06,18535.67,ANUAL
3b57e464-6a84-4b88-88a4-1c62ea3ca499,129907.91,12031.62,ANUAL
63d5a416-4107-4dee-815e-d78f9c96c32b,466874.05,69749.45,ANUAL
7fc6db21-b831-4305-860b-6cbfde804f91,344687.3,35599.39,ANUAL
2355e16e-c567-4865-ba31-e34d970b3214,474272.18,63291.54,ANUAL
2e64d9ee-eecd-4a54-bba4-2cd4d6bd828d,34402.44,2452.01,ANUAL
01bae9cd-207f-42fc-b21d-d3087f7795b1,333769.57,17117.27,ANUAL
4cfea77e-4cfd-4cf7-b1e7-433f15753bb9,183634.83,12807.73,ANUAL
cf26940c-3284-42da-98c0-c5b13353b91c,103015.64,15136.4,ANUAL
6d926642-ef14-4788-91d3-5f5d05b73048,313835.32,17952.84,ANUAL
18ec97c3-ee8d-4696-9bf4-fc18cebb8905,131431.69,22792.98,ANUAL
fbd9b8f9-d63c-4096-9b47-ac76651ee91b,168678.41,22998.36,ANUAL
7c8da89c-15f4-4e77-8730-79a073fc2b71,20283.47,2657.72,ANUAL
e957b5b7-7a51-4f07-b758-228ab728f085,243179.86,18433.49,ANUAL
92ad9937-d122-4c56-b422-ed20413b5696,9615.9,1605.86,ANUAL
f4b85b4a-058a-46ee-bc51-dc8e4e3ca98c,238239.43,37187.99,ANUAL
8ad3f033-667c-4528-8570-ff84f81872d5,120908.86,10659.02,ANUAL
72f0f7da-fa12-4491-bb5d-87e1adabe9a1,195113.33,19522.8,ANUAL
9a5f4260-4556-4fe0-9dc6-409c308b33d2,223052.82,29625.31,ANUAL
4584be2e-4228-4062-a08a-8a8318f4fe97,480912.32,53008.08,ANUAL
67f53c81-4753-4d15-b063-e130f1f8b7f7,414937.17,69198.85,ANUAL
fe48b381-6646-4ffc-9d39-1cdb760a7b72,280753.85,26382.38,ANUAL
e10dab0d-ac97-4914-9c19-4610a7a5a85e,470521.62,33478.52,ANUAL
1108bea3-ae85-4bf8-bdc0-94667d0e342b,336245.39,28636.13,ANUAL
2ee06f74-c940-40b0-8a42-605a8a7bbbc3,10962.52,586.66,ANUAL
e9819bf4-43d8-4cc2-b76a-2d0bf48a0a44,129791.54,17492.01,ANUAL
5cc1058d-4a9d-4140-9060-f671e63c0726,403509.36,58156.16,ANUAL
80a1f513-082c-49d4-af58-05c2e5559003,92376.02,16181.99,ANUAL
2eac2de4-1273-4293-90af-8922a4faaf9d,261334.15,23526.3,ANUAL
257d9d1e-91b2-4be3-9ec2-244c8bd9bc08,259531.16,25544.24,ANUAL
3c3f8f66-14c7-40d8-9335-5f9e7f08b6d1,367291.52,19796.11,ANUAL
6f3aea28-bf12-4437-b3c6-6b3f6c1152fc,356496.48,62521.13,ANUAL
77fce48f-c4bc-4e5c-8265-14e28994e4c4,26391.02,4349.61,ANUAL
265e1adf-b21b-42eb-a7d7-0ec12ac8811c,304859.99,25511.83,ANUAL
32ad0685-7c41-440e-82f8-789b89de9b4e,224953.99,17562.75,ANUAL
13e083a0-51ad-4bb4-9225-750043ea2ae9,219600.59,26039.16,ANUAL
a82bfef2-5c24-4866-8358-5c2d13a12afb,218853.99,34356.39,ANUAL
cbbbf90b-24e9-488d-9b4a-d8f9c3d1c551,204520.1,12286.02,ANUAL
1f8f2e09-d8eb-4054-90aa-588b485e072c,368287.43,23991.43,ANUAL
74a6cffa-6e81-4920-9432-b46113cabfca,312265.7,18588.23,ANUAL
13a1b9c8-b0a8-47dd-bb81-61f30613137f,194111.01,24893.47,ANUAL
2ed59405-92cb-4b6d-b170-54870c28f61a,134681.84,7444.97,ANUAL
c65b0051-1010-473d-a82a-62673e84adc9,3141.58,417.21,ANUAL
261c1030-ff7f-4850-9de7-9fa35a74cee6,395736.2,78764.56,ANUAL
6cbbfef3-aab9-4706-b795-6fd9935e600a,462744.25,61445.39,ANUAL
505a8597-d8d5-4475-95b9-fe5bf44d7e3f,497438.86,60119.06,ANUAL
6f365dfe-6ab5-4884-aa64-10a7b61323a6,105721.81,20002.53,ANUAL
c1d10dcb-adb2-4bd7-9743-38e61e4318df,447192.24,86758.2,ANUAL
7635407e-2dee-44a7-ac7c-9f29ac164341,288958.63,26539.63,ANUAL
3d1ca45d-71d5-4f5d-a6ca-06602f1f2b2a,219062.13,39803.99,ANUAL
bdced403-038e-4570-9bb1-12332cc96490,102069.96,16675.7,ANUAL
363413d4-a17e-43b0-bc1d-358d57977239,460153.5,57103.32,ANUAL
ce5a2d5f-2818-42e5-bbe7-0fcb79566e1a,245564.95,15792.83,ANUAL
a7f23fc8-0b8a-42cf-90b7-93ecc70371d1,317042.66,28224.09,ANUAL
725afcad-813c-44f7-9e77-36265691216a,427868.57,58565.53,ANUAL
7a241737-daad-4e10-bfb5-af3327fc3308,249298.32,39298.96,ANUAL
053dc29a-59db-46ae-8f05-6495d1208962,58657.41,5762.79,ANUAL
81db6513-17d7-4628-bdb9-0ef55ffc6c73,41624.36,5884.21,ANUAL
c6d0a6ad-3b29-427d-99f5-d60dd04ce761,77593.38,15406.47,ANUAL
1e2e2560-e2aa-497e-9fa0-2fe72fa9db9c,338269.8,49333.46,ANUAL
eccc3460-e768-40d1-b7b5-b7ccb05ed5c1,107491.21,9669.0,ANUAL
23783b0a-472b-46c6-b16d-7a950a7d92f6,36124.22,4797.57,ANUAL
1ce5b336-373b-4d86-bbcc-5d15caf72430,199294.85,11266.77,ANUAL
6199ffd9-8d42-4555-a0c7-8f405fb7eac7,404740.79,65058.46,ANUAL
a5b88195-10a7-44f6-9aa0-92521766fc4d,263968.82,40992.58,ANUAL
145a4ab0-0ac9-44be-a10e-b3af1fe00cd7,449908.06,31812.19,ANUAL
8328efa9-d87a-4875-9fc6-bd45730d6aba,192717.04,22907.99,ANUAL
9ff1f276-2931-48f7-a531-a6ce0a60a2f4,377649.76,44694.23,ANUAL
27c2641b-40ca-48da-88f1-791ba1b6306c,253834.62,35294.37,ANUAL
f90fdef1-bc53-4b40-8930-b70ddec23f4a,53800.76,3401.97,ANUAL
ce41f274-ad0e-447f-b69b-6239627bca17,253779.96,18444.21,ANUAL
ee1b7c62-fba9-40ab-a8ef-8e1b0f620fe3,157771.3,23826.91,ANUAL
7c329bac-853d-4b5c-9bf7-8c490f28c41b,487660.52,76570.19,ANUAL
601c7451-f240-46e8-8c4f-6bb2e47c8fb3,357494.22,59941.39,ANUAL
b1443af8-78e3-4517-a6fa-62261499ec39,233394.78,25992.16,ANUAL
f4c1dfcb-3abd-4598-a11b-ff240e70647b,356385.37,69526.98,ANUAL
ee680907-6161-4647-a438-35f1c7bcf97d,151903.8,24986.83,ANUAL
8a99a561-d782-4bb5-8b36-26794ab1d5c3,402958.32,65845.23,ANUAL
33ad350b-025a-435f-8ece-fcbcfbfac322,419903.45,70025.93,ANUAL
6a1f7247-7c2b-4e66-a1e8-f2843133672a,449534.76,42887.76,ANUAL
26d14a85-5fa9-4eac-a835-7d491190fc03,10472.88,1996.4,ANUAL
24002c17-d484-4062-8ebc-cb5211c83691,223770.35,41418.11,ANUAL
45705eab-214a-4d10-9d5d-bf9db53446b6,242193.81,46896.6,ANUAL
d0981860-244d-4343-8e11-b5f5bced31c9,427606.87,24591.42,ANUAL
afac8389-10e2-4eb4-8688-6e57cb0ef415,251030.43,13729.86,ANUAL
9b89810a-a739-4d66-9214-bcfa3f1d1775,52801.1,5823.29,ANUAL
a0f63fdc-70e8-4a29-92fb-2047df029cf0,138834.18,26573.69,ANUAL
d2429547-6f78-423c-939b-09202ab79071,381622.18,55784.26,ANUAL
ed5a602a-0f8c-4bda-b5bd-b15d0177bdc4,370297.75,32164.64,ANUAL
772d43c4-2387-4ea8-a78f-c51df8dd5d58,175687.2,28296.88,ANUAL
72617650-f8e7-4256-9d22-75856229e318,164293.91,29970.92,ANUAL
5fb2335c-c74a-4d29-a6cc-2fa73d34a8cd,417406.65,69198.35,ANUAL
105a9255-f629-4ee7-b469-34daa9792fe8,486487.72,43084.1,ANUAL
ae317017-9b12-4d83-a9b8-bfb44ae3ef64,13865.05,948.48,ANUAL
7b8371a7-54c9-4755-a574-1a31e1753001,473855.73,75909.53,ANUAL
90adb0c1-00cb-4b65-9613-b25d2ccbf2e3,26629.63,4743.75,ANUAL
e7603538-de2a-4c9d-9be1-a53381b6ea50,315658.65,22089.9,ANUAL
03d466db-07ee-4030-aac0-25a1d9dd7f8a,220808.93,33133.06,ANUAL
2011b68b-f044-43c3-a595-5e31e67268ed,44724.39,4370.93,ANUAL
785e17be-046c-459a-9f8d-87229871f1df,17486.54,1580.53,ANUAL
a2933e70-f128-466d-a3c7-8269a2cbdd04,24522.3,3054.73,ANUAL
b7eef35f-e1c4-4139-94fc-0e9fc92f8810,123067.11,20840.99,ANUAL
b6a86bd1-b1aa-4ac4-a642-8969470a571e,442824.54,87066.49,ANUAL
7c8955d8-8a4f-4011-b37e-f5ce320b6269,175970.72,33448.27,ANUAL
f72b35d9-b959-46d4-a9d3-5ad7451b2d7c,69002.66,12755.12,ANUAL
bb39e7b9-30a4-4b59-b146-af9581bf618f,263708.41,47855.79,ANUAL
f8320ba8-0d0b-44d9-814b-8fbf356dd98d,274947.17,49209.65,ANUAL
23e39a3e-4791-408f-8642-9f32671f4a7b,229695.29,35124.22,ANUAL
5beb1548-70d6-4c26-a726-fd8525da1106,20945.74,3373.94,ANUAL
729f2433-8eb4-4828-9cbe-6f5490b788b3,402845.65,74720.83,ANUAL
09c91a65-c5ff-4f81-a4ec-27dae13e6ac7,466575.13,70697.84,ANUAL
cba8cab6-4fd2-474f-90bb-1b97e8dac36a,45577.62,8227.46,ANUAL
822717f2-06bb-4b7b-bf2d-5d3b61006d98,476643.0,67515.04,ANUAL
292dca42-a506-4ae0-8146-a2ff6eb9b30c,123153.24,22689.81,ANUAL
be6138d1-22c4-4da8-8286-be3aad2bcc88,122464.85,6921.08,ANUAL
07142070-34a6-40c6-a4c0-c7cbe7bd44c6,51282.19,8948.9,ANUAL
abb69073-5bea-47e3-806d-dd5ed58cf55d,341049.28,67872.74,ANUAL
b3e29b9d-af5a-4605-80ad-31fce62f9063,237784.59,17468.55,ANUAL
dd18be99-1fac-4032-8364-f823eace4963,129928.55,10798.78,ANUAL
d0af6ae7-add2-425c-abdc-99b74b76242c,219243.01,19571.65,ANUAL
8fa7bcdd-f5cc-427f-add4-8b20b3cec8f4,36344.32,2814.79,ANUAL
243f66bb-f74e-4295-b1fa-b54fa9264650,26678.67,4113.92,ANUAL
aea00f22-a64b-44d9-b96d-d6f4e0667067,419118.54,83012.99,ANUAL
fb843e85-e941-409e-838e-00127e06603c,234614.31,38558.9,ANUAL
84dd8dc2-d7b3-45a3-9f90-896b02682b29,255951.7,18885.73,ANUAL
94cf2771-4937-445d-9a80-037a14bc11ae,445120.96,78206.06,ANUAL
f88d5355-699a-4898-9edc-a581849c1ce7,212383.78,11317.52,ANUAL
74de8f28-23e2-4146-8b18-05fc583ba689,394116.2,23087.61,ANUAL
2428e9d6-0dde-4996-bb40-aed93fc73e18,235527.38,19826.36,ANUAL
cea076b2-ce4d-4cee-90f4-df2ad73d2a26,167461.68,30379.46,ANUAL
9c8ead90-cbc8-4ee2-a8dd-e9b6c8b04aa1,56648.56,4713.27,ANUAL
1dfff646-e241-41ac-baf5-df71752af603,145541.6,27278.37,ANUAL
5c50311e-3a90-424a-a17e-17c2263ba60f,186576.63,9418.46,ANUAL
a5c85bf9-d732-4800-b940-d737793f0f65,380022.85,69445.34,ANUAL
34240e80-8bad-496f-ab27-41d74becb678,204072.13,37376.94,ANUAL
94037b5f-a312-455f-8e02-81febcc1beb6,68379.86,4652.73,ANUAL
32faf25b-cce9-46f9-9bc2-facc27a2b18d,222699.82,27732.29,ANUAL
265395f1-1d47-4e48-9aeb-9269533e035b,163658.76,20902.17,ANUAL
5f9ff21b-6a80-4bd1-9008-ec6db4b3817e,338129.73,18023.42,ANUAL
bd4445e5-a79d-417f-921a-fd55b1296d74,471357.26,45860.89,ANUAL
4df7e957-f5ce-49c3-870f-fee22df39fa2,437481.05,75130.32,ANUAL
f66690a3-b04a-4b10-99c8-e3369002572b,410150.29,67763.66,ANUAL
e0d2ed0f-be29-4e24-bca6-4105983f919d,413071.9,31021.48,ANUAL
a06c0ab9-04e4-4cf4-84de-5d9a43b6793a,401299.81,50823.08,ANUAL
37482834-678d-41d3-a733-448d8630d705,476884.27,59442.65,ANUAL
4662ec54-fd43-4ba6-8c58-c0a4aede1a26,60403.76,3745.32,ANUAL
7f049c4a-182b-4e1a-9e4c-712b72eb9fe0,444947.98,45642.78,ANUAL
a2ec801f-98e9-4f9d-8a1f-d1f41d408579,7792.44,486.28,ANUAL
1c562f60-9a2f-43d4-9367-cea7ab0cd974,132171.09,25016.67,ANUAL
2e7fc9dd-962a-4874-9124-94ecdc6f0e46,327957.96,45747.79,ANUAL
1fcb3040-b98b-4927-8b67-e47e288e19fd,339991.71,26823.63,ANUAL
60873afc-2c64-445e-be6c-d85396ed6a09,183482.44,19095.58,ANUAL
3a84c336-1f49-48e2-8512-40df8b5e2edc,313121.02,56763.02,ANUAL
03fe75e7-8af4-4e59-9ddc-88f0c374cf78,195619.56,11590.68,ANUAL
d4ffc730-7bc6-4195-acbf-21e89edc0d8c,31351.22,2514.6,ANUAL
7970a35e-9b26-470d-bcb5-78fe34b496f7,384278.0,32676.39,ANUAL
13bdbed7-a9c1-492c-9e43-1f9007e33d4e,492980.18,47585.39,ANUAL
49141825-3ff9-4867-8a7f-e8fb7f123ad2,359178.63,65472.02,ANUAL
f8ab79ad-ef27-49e8-8663-741ab3ffa79b,29559.79,1715.75,ANUAL
724128fe-915a-4495-9fe7-1376bd3bf866,337350.54,64325.25,ANUAL
a8ad5173-c961-4341-85c3-99adfd8ed354,173332.46,25582.97,ANUAL
1c5170a4-d5e6-49af-a62c-a97420e8873c,321224.41,37563.22,ANUAL
f06cb624-3f48-455b-a2c5-3612ec62a5c8,28940.84,2776.97,ANUAL
6b2853e6-3d24-448a-9607-d49b6f4cf56f,487167.8,96143.56,ANUAL
87dfff2a-521a-493d-a04c-44cdb9999c2b,494912.12,26140.55,ANUAL
f473b37b-a1c4-47a2-ae74-6351a924f843,487589.98,42302.6,ANUAL
a821cbbc-c627-4df5-9758-6ce8633add54,493041.89,31719.86,ANUAL
7e6e882b-4e35-4aca-8d0a-7df0ff416ae7,402693.12,35998.04,ANUAL
2a702c2f-8f1f-43d0-ad91-b7a07394c160,404195.38,51835.01,ANUAL
7d65cb40-8148-40a6-8398-31097306d1de,310397.67,20101.5,ANUAL
65f637c9-c14e-43a2-97c5-4431422b9742,300342.25,35783.86,ANUAL
eb50b2f0-a739-4e55-bfc5-a4028439557a,289491.37,37978.66,ANUAL
cb595955-ebf5-4d6e-aa3a-77131bd01b30,259478.12,49643.32,ANUAL
77b56ba6-eadb-4c00-98a1-d1144f2f2e91,359150.51,52950.98,ANUAL
4d3d5bd7-967f-4ff0-9c08-88abd9c42245,284025.3,28321.37,ANUAL
e964000f-f5a9-4992-bab2-304e914bfeec,308989.49,51142.26,ANUAL
fd02a9b8-e25c-45d3-a9a2-50e7c680a1f2,157283.37,18914.14,ANUAL
c89c43e5-ff2c-4935-83ad-26ec9adc677d,56991.3,3198.31,ANUAL
e6809bf6-89fc-4594-935f-61e28854cd06,308360.83,41036.08,ANUAL
4a5d8038-1f42-43ee-90f1-36385d0922a2,98012.76,15718.18,ANUAL
d4de7871-93c5-4a14-9026-4813bf40fcf5,247388.82,34788.56,ANUAL
e06f99c7-9364-468c-93cc-4d651827ea9d,113499.17,10498.26,ANUAL
38664621-83eb-4389-8bdd-3b619a110db1,25897.5,3895.42,ANUAL
0dfa2629-6d60-4307-9b61-0e7fc1eb7d28,278756.49,26426.63,ANUAL
a5ac7260-2fb7-470c-a010-c77318e54bdc,194407.54,17040.02,ANUAL
a975af11-5752-43ec-9d34-c96103983da6,14396.65,1798.58,ANUAL
8ad9e0fd-8f8a-47ac-8caa-65e1cfd564e9,271143.51,45855.25,ANUAL
46f5d39e-2b48-4806-840f-65877886834a,58791.92,10311.19,ANUAL
47c06c8c-d338-4b61-8b3b-9f200b996f15,140406.76,11229.01,ANUAL
60e7094b-1581-4ddc-895d-aa2ea20010e5,407862.85,35025.54,ANUAL
a1f89378-6a39-49d0-b1ca-e31b357f6f27,404308.38,34920.05,ANUAL
97912aaa-9edb-4b77-a4ea-3584de0b9266,194306.67,29304.83,ANUAL
7d4d7dfa-79f3-4070-9661-54b2a5a25a5f,397065.51,38867.4,ANUAL
9d20bda4-bf89-490b-a3f2-ec62ab9f7b43,363173.37,55913.94,ANUAL
a66ef6d9-114b-42ef-a3e4-28acaf5eec8e,425937.09,57406.02,ANUAL
172b5d58-f53d-4265-bce9-90101c07ed91,158545.43,22178.08,ANUAL
af1ce5af-968b-488c-ba15-7e3ff12e3a79,27387.97,4033.62,ANUAL
f08c5969-c559-4caf-830a-4f2104547c02,158659.27,8823.71,ANUAL
8c372119-ec42-4376-9aab-6c136a95c4c1,160144.83,28890.55,ANUAL
9f713ee3-9c7e-4ec4-a202-a5cd7d0c82e2,292196.25,36187.91,ANUAL
a27e66f7-77ba-4240-94b7-366043b1a215,479156.87,75129.41,ANUAL
57575891-cc9e-4074-a80b-4041db37458c,2491.4,431.93,ANUAL
69c95b28-53c1-4b3d-a7e1-314976863d99,223441.69,26688.68,ANUAL
ca912bf4-7aac-437f-9532-367685ac4438,195825.42,35439.32,ANUAL
87c8ce3c-6930-4780-b078-32713189a289,469678.89,62037.12,ANUAL
f398d808-00b0-4688-bfc6-38e3aadb850e,387693.1,24430.54,ANUAL
05e931fc-26cb-421b-91c5-26e26a6497c1,434010.64,53613.22,ANUAL
76334f17-2689-482e-97ca-49edf729b198,83125.77,14259.09,ANUAL
20209e55-2d65-4d76-9150-107dd61dd1b7,407812.43,34566.68,ANUAL
dd5c07cf-b385-42d0-a5aa-ae5a8a3ec58c,177442.46,27049.91,ANUAL
42f74e9b-53b7-46c3-b3fe-4a9f06618baa,406506.14,52086.54,ANUAL
01fc8b4d-c250-4d4b-90e5-4a3b7c61ba94,90106.77,17549.68,ANUAL
5aa636cc-4c4f-414b-a5b1-7c77c6486ba1,80791.45,9037.74,ANUAL
22e4f143-e3dd-4a2a-8b19-2636ce6ec38f,393086.64,44003.56,ANUAL
5556e541-7ace-4848-9365-576ea848c7dc,172554.77,18505.49,ANUAL
e19e1d75-7652-45c8-9988-9ba4be98e113,485284.01,84245.21,ANUAL
ab2b06aa-7471-40ea-80c2-b71e6bc56b80,421309.45,68585.26,ANUAL
e9fe3972-1448-4ef6-92c0-a6c3cb260af6,48933.32,4518.05,ANUAL
60f8ee13-72c9-4963-a027-aabfe9b6420e,354692.49,26709.07,ANUAL
09d78fc9-41f8-4259-ba5a-c1059c0ff90b,109934.43,16601.69,ANUAL
3aac5a39-4805-4a14-8ac6-e892e7da6bdd,328260.71,35516.26,ANUAL
0b9b2538-fb93-4187-bc07-e06aee177487,111571.77,8186.74,ANUAL
54b54414-8469-4f82-a19b-032ed87e06de,287475.68,39394.46,ANUAL
728a276e-679f-4ccf-9414-77110c2aa4b1,25868.41,3308.47,ANUAL
5de8a730-09ca-4b5e-aeec-37f1356cdbdd,14380.97,1448.44,ANUAL
690c0ea5-7bdc-469e-99f9-2ced239f4b9e,291461.59,19549.94,ANUAL
44461a6b-8c79-4c4d-b9ab-d2dc862059f2,190103.73,31009.55,ANUAL
8b896adb-e544-4d58-8cb8-5a11341c1689,259782.64,49319.48,ANUAL
4bc3ce70-f970-45f1-8805-ed807b32b031,253302.26,33299.73,ANUAL
7f736e65-39d8-4c54-baba-76f39dbb4bc9,320489.34,47312.35,ANUAL
8d1cf34c-a1af-4e27-9ef6-ec290d886583,103944.94,13643.34,ANUAL
ee15554c-a554-4951-8f97-cd3a73bd6880,491455.06,74179.0,ANUAL
6ab00d85-f0ee-46fb-be51-ece57d3c4930,112417.43,7392.88,ANUAL
73d7de17-78ba-44a1-a1b6-c18363e17656,306625.85,54962.87,ANUAL
af18f525-47e2-4f22-b956-59b689324d0b,239967.61,37510.16,ANUAL
6f2d4736-42f3-43a1-9a68-5de8040a90e2,25169.02,1390.56,ANUAL
5a227047-b023-4750-81d8-812b2c8b32c0,299952.09,21719.48,ANUAL
7db96a64-b864-4a85-8d06-990acfb16ac8,54126.27,7793.72,ANUAL
fc00be47-3d3d-4f75-9469-a5540124c87d,97738.13,14831.68,ANUAL
de77dfe7-08e7-480d-a50a-5a80b741b713,110859.47,18692.97,ANUAL
a324fdd0-b9ad-4f6b-86f9-d6c16f6ffccc,117756.2,11379.39,ANUAL
b0b4bc28-55a5-461a-b230-d9d9cf92cf8c,236119.52,25283.78,ANUAL
1e3371bd-345a-4df3-9623-b9c94600cbea,3869.01,601.09,ANUAL
95dacf47-4612-48c0-b29a-d32754da51ce,321375.92,34765.79,ANUAL
e79d32aa-043b-40d3-8830-66a98c9bbce1,467113.71,78130.02,ANUAL
1812c3d5-ff68-4ff9-b76c-8549f0509d44,301147.95,21667.71,ANUAL
41cdd83b-e63a-424c-bc15-1d8f872d3936,442728.5,87560.53,ANUAL
13ad01bc-d4ac-4441-a562-814f9357e870,150692.14,27103.08,ANUAL
b5bd1aaa-9479-4aaa-871f-118b4484f8cc,284762.0,23961.85,ANUAL
ed5322ec-867a-41c8-a0ea-34281fb5a175,45377.23,7144.3,ANUAL
d52aa0b1-84c5-4fa7-9059-468445ab4c33,452447.63,23543.36,ANUAL
f44dcf24-2bc2-42fc-87f7-a3db7eed857f,377023.95,70593.57,ANUAL
479a6c7c-e90a-4d94-8fbe-325dd454c2e2,181391.28,18117.84,ANUAL
8640e3c5-edaf-46d3-9ccd-80b71f28456e,387379.62,31392.06,ANUAL
1cf7d29f-db22-4728-b3bf-e989f32c5ce2,210468.61,35248.03,ANUAL
b23d6c4a-70c9-4883-b085-71ce14cf0fe2,98735.74,5180.41,ANUAL
65638401-4925-4b6b-8034-91b2fce1316b,329637.51,35487.23,ANUAL
424cbf6c-8045-4624-8b9a-48f088ae1f42,9455.44,698.64,ANUAL
32f28590-0978-4157-b282-c7d0646393bb,314801.41,32889.01,ANUAL
a1923d64-f775-4ac2-a343-c212c19bf78e,61504.77,12278.96,ANUAL
1de45148-637a-42ef-ae54-d1389243e6cb,386542.51,46649.4,ANUAL
2ad32b07-6ee6-4950-9d95-16d9114c7372,456491.15,44374.58,ANUAL
23a89b43-242a-494e-b69b-668a4e8a96f1,465681.63,36678.55,ANUAL
10bcd587-6528-4ea9-bd9c-aba198c9e1ea,277060.54,50527.88,ANUAL
e7c56a6a-4d06-484d-b44a-9082578f92e9,291292.76,51098.91,ANUAL
307ef4d8-2818-498a-836f-b4c81f0d635f,286174.07,54366.16,ANUAL
ecc73b19-e835-444c-9c62-053db56abac9,259774.51,21505.6,ANUAL
cea43ecd-ce75-4304-b1a2-dbd5dbbfadea,351153.01,42511.4,ANUAL
5610da08-6c4a-4e67-8ed9-35aa3a3efa46,24196.55,2842.88,ANUAL
b722fec9-8af4-4595-9bb1-6f2bf2b7ae7b,178984.35,27990.34,ANUAL
e6b29df1-ac19-4490-ab59-b87cbd21450e,357155.43,65930.34,ANUAL
b000db43-3177-4953-8d9a-9b43782fa393,162828.59,31984.9,ANUAL
49953ac3-cddd-4f46-b0b5-3fafbb7ffc04,146567.33,18589.84,ANUAL
ba7734d9-baae-47f1-b3ad-34939c050e70,80803.67,5511.75,ANUAL
c407fb4d-1f1a-4572-bfb6-d5800121b3c9,139591.37,24780.8,ANUAL
56dfd634-7d44-48f5-8291-baa64a415814,462538.89,73630.08,ANUAL
c3e14a78-3007-4e12-b939-9aa64e7e7080,400623.58,36717.7,ANUAL
af26703a-3f5b-441f-a387-799e5a33c518,274838.54,35404.18,ANUAL
cf7807ff-cd6e-4cf9-8db8-f6e8525a6bbc,193002.39,25242.52,ANUAL
192994c9-6e39-4e38-b2ea-00ae422a920e,8727.63,712.61,ANUAL
17cbcd3b-e812-4a02-a035-09fe14efeef6,250222.14,48529.81,ANUAL
1f6d0589-4fe3-4169-8e46-7ed4d8ff3a2a,293919.7,20956.46,ANUAL
5aaad262-3281-406c-841b-e6ea230e219a,251235.26,37515.21,ANUAL
79a62be3-10b8-49cb-befb-f4bb17e4962e,182367.88,17324.77,ANUAL
24d3cd94-eb04-472c-9f73-2c68cef07c4b,319114.13,26061.19,ANUAL
9d58e7b2-9ee3-402c-8b17-99e546e85a64,196836.05,37133.66,ANUAL
d5df0105-8341-470a-9c5f-6d6309c056d0,120860.18,21244.91,ANUAL
4eb8b573-4f2a-4c98-bf04-035368891e5c,169120.57,14600.26,ANUAL
4b50e22a-fe2d-4433-b44a-1e762e193799,111307.52,18635.42,ANUAL
b5aeb33d-02f2-4858-bb62-bfca49841a95,91333.35,6772.06,ANUAL
0507bd98-acf9-401a-a0fb-d5ee2286b685,464423.89,45768.43,ANUAL
d60119cb-62c6-4744-bd09-6f4db42a7071,7729.45,1160.1,ANUAL
099a7225-cb1e-4e7b-8292-f226ed65ea74,377059.76,47198.27,ANUAL
0dd141a9-1735-428b-ad77-2b2757aaf524,314615.04,41246.39,ANUAL
6779d14a-36a5-4341-a6fe-ebffcf3ad912,364227.44,37758.7,ANUAL
ee994992-9d3f-4d69-a2ba-9cd30b0daa34,173743.44,21903.11,ANUAL
73b85fe2-8b45-4221-919e-853982f16cc9,254162.44,18934.17,ANUAL
34d076d2-b1fb-4eb1-bd07-247e8d880460,219117.64,39815.97,ANUAL
5732f178-1465-4551-86b4-10c51645d0bc,352085.85,59072.93,ANUAL
7aa0d99e-e643-45e8-8b0f-4b9b52183af6,213198.87,22602.89,ANUAL
3d788967-6e31-4917-ab3a-7b08e728f440,478132.05,57159.08,ANUAL
a7c32fa8-7b06-406f-b83a-5c2a8ad322b1,199917.26,30131.53,ANUAL
bafc44e1-56fe-4bb6-b57a-5620ce5a5f91,80257.89,5415.05,ANUAL
dff65cb5-dfbf-41e2-b564-de56012eba3f,289552.99,18756.46,ANUAL
6e3c16c5-b3c2-4289-bd42-e6b4f1d6ee55,412994.68,23124.91,ANUAL
5e2bde98-5359-47fc-af1a-0e2d0bfb498c,378912.81,50368.91,ANUAL
4d58bb14-3abb-4f21-8fea-83f3ae7e2cb5,350827.93,20164.56,ANUAL
4f040adc-fa1f-4769-91c6-4b798bead6c2,492121.08,68383.24,ANUAL
5698e080-3a83-4030-9303-72f7ff7c36a6,390966.58,52757.7,ANUAL
ab3a6e9a-0a7a-4c5e-ac70-a682e0f5b1b1,433286.3,70619.5,ANUAL
1e1daa90-996f-41c4-80dd-1d833a30af80,13887.58,1246.12,ANUAL
009c6ecf-c2d0-44e9-bb2b-741c2b4f5bdb,299444.09,33643.32,ANUAL
879b72bd-a74d-439d-95b0-6e1341ac91e3,64800.17,11068.62,ANUAL
08a112ae-4227-441a-b800-cc1be62ac313,189048.68,23780.14,ANUAL
07f24f54-e23c-4f11-bddc-7cc06313cf45,292844.71,43254.38,ANUAL
b2adf8eb-04d8-408e-ba06-a8a76cf85845,457770.31,60797.79,ANUAL
2eaf9d1a-e39a-4170-b1a6-829103be65cb,182858.44,12560.8,ANUAL
f742a628-b603-48f3-8f54-7adfe2b1597a,198483.56,21477.48,ANUAL
b6ecca1d-fe6e-4bcb-a9bb-39ef84a32406,235450.18,20042.76,ANUAL
acf090ce-0f94-4af2-a73a-cdbb3690293d,120481.72,15007.32,ANUAL
891b88ca-5c39-457b-beef-6ad5613838b7,343850.31,21985.4,ANUAL
92b3945f-62df-4e60-8fdf-bda5b5c8a57d,56192.1,3063.87,ANUAL
52ceca10-2e10-4460-bb37-10651e827fef,343090.69,44038.05,ANUAL
23a83c74-6686-4d28-9e37-336b7cabe57c,274424.98,20093.74,ANUAL
7578ad73-3119-402d-8220-a3e16112c0ae,437878.73,72503.7,ANUAL
d616cc96-c073-4c35-b48b-d7f1aa1346a4,124897.64,14119.22,ANUAL
2b0e8357-b319-4a1a-8ae5-c1d919dce7a6,237178.89,24820.9,ANUAL
491c9a59-62d3-4aca-bd55-73b39018635b,118161.22,6228.35,ANUAL
9be9761c-0628-462f-884f-f49985fc0e6b,238741.77,39404.95,ANUAL
94d03d25-ef27-49a2-9050-23027a188b5a,226979.24,18818.96,ANUAL
63d223bc-56ce-4d18-9549-0b7a556d916c,269141.18,52365.8,ANUAL
4c67c9a0-4e4c-466e-943f-0c12250693cf,22673.94,1775.06,ANUAL
811f147c-675a-4745-8fe8-d393b1f9b619,92055.59,13816.44,ANUAL
344b980a-e0cf-4b48-8124-8193e972cc90,70494.73,12399.66,ANUAL
0e5fe5cd-81d4-41ba-b9d8-5801b3582188,211941.56,38983.8,ANUAL
92757aab-ec42-4ade-8730-8ff8d03db501,292723.12,58527.73,ANUAL
c7ec9f8b-fd38-4108-8c48-46e91fabb8b4,3319.7,342.71,ANUAL
90fea952-49bc-4529-8c22-642aedcbaff9,64402.56,6922.62,ANUAL
f281ebe6-2bae-4f67-a3bd-0ccbe9de3c60,479749.79,92628.38,ANUAL
d705ec4d-5d00-4213-b46d-38865a74c4fa,445484.55,70028.9,ANUAL
adc561e5-4e75-48b8-bb8c-89354098657e,73601.72,10656.64,ANUAL
b6d11ddd-098e-4687-839b-7325cecd0842,306184.47,20001.83,ANUAL
ea1a01c3-d92f-4f2b-af8f-4cf2739bda3b,388374.46,51172.75,ANUAL
1dd3a419-b0ba-44f1-8204-c15ae90bf69b,432618.93,41077.76,ANUAL
120b126c-eb9d-45a9-9c93-f16db83c17f8,426488.43,74182.56,ANUAL
b6ba51da-e558-4574-8d9f-9b829ca534f6,252710.85,40732.77,ANUAL
6439e9c8-8e99-4037-8e5e-64d5d06e1a91,321829.39,49750.12,ANUAL
48c99311-30d0-41d2-a3e1-2d68c92aa266,197320.01,39064.95,ANUAL
c9d69f8e-e3b5-4a4d-bd52-a005cf7410e6,206725.48,11378.38,ANUAL
56bc34ef-1a4f-4c5d-9042-6dd745f506c9,4359.15,775.66,ANUAL
6c4cfe3a-d322-4245-a90e-9c0281863fbc,54984.34,3827.03,ANUAL
232a5aa7-9c52-4da8-a46c-857ce12b00cc,282758.04,52070.98,ANUAL
6ad07831-a1ac-48c8-83af-622d551fa157,131419.88,14313.58,ANUAL
8d02e723-983d-4317-a743-b0e3c67a947d,489460.24,81853.88,ANUAL
91922a79-a105-4310-b9ba-ffb9c691b50a,141753.4,12785.72,ANUAL
e23988f2-f439-4c3e-9519-ae655209b103,166142.96,26804.54,ANUAL
1ee7e4db-02c4-452b-a400-4a2d4141f7dc,127532.87,23136.31,ANUAL
2243ea2d-4036-43c0-812e-f981809f1c00,371236.22,36495.12,ANUAL
45c9dea9-4a6c-485e-be3a-1de072935c49,24085.27,3686.43,ANUAL
ed82c302-8805-4bbe-8d73-4901e3e04727,305539.51,50448.83,ANUAL
18d0fb44-4807-4b4b-b2c4-d6e08167c3de,208710.04,31679.71,ANUAL
cb873429-6835-4cf2-891c-311bc2cc5f28,351291.77,61825.0,ANUAL
faf8a267-082c-4d12-b323-ceaf0483686c,232812.61,44190.86,ANUAL
a9e98209-9fd8-4de6-a095-5f0d2785dbfa,27744.23,2312.63,ANUAL
95597a56-03a0-47f9-a1c9-599df64523ca,307254.34,40947.37,ANUAL
d5b0fe2b-1716-4d39-b238-fb7e9e84edcc,234597.25,24904.64,ANUAL
12579558-ded8-4e37-a234-94b93ca7758c,318988.97,25573.73,ANUAL
caa86c52-9f87-4163-91ed-9a5e24525bcf,366932.6,37461.45,ANUAL
24c98350-8559-40e7-81e2-e8c29b27d07a,173453.21,15993.33,ANUAL
1acc16be-227d-49ef-840a-02f8796d47d8,435961.39,61691.16,ANUAL
3c3a0fcd-d105-4778-bf96-b799a5b7f426,409061.37,27388.13,ANUAL
b3f3b9e6-0084-404d-9bf8-9ffd1662fa14,290953.91,18122.24,ANUAL
34b047ae-028d-46cf-913c-b5f846317287,439811.2,34617.01,ANUAL
fa32f3dc-569a-4798-a3c2-21247ef01377,17839.56,3477.72,ANUAL
718f8629-5939-48c4-b683-1180059b547b,129452.01,24155.92,ANUAL
53528081-fbef-45a7-9923-8c0ca4801959,370377.32,22007.19,ANUAL
3b5a4fd1-6e6b-4163-9201-4c40618d9c0e,428837.47,33615.03,ANUAL
506dbdcb-c10b-4bd2-9460-0e43aea78476,260290.74,42099.58,ANUAL
ff00c98c-d6c2-497e-8c07-fbbd3f5f35b8,21878.62,2697.37,ANUAL
8c472132-7588-4442-818f-f7c1d8f16751,130312.74,10038.88,ANUAL
e45e480f-b61f-4aa7-b79c-578d7da3db05,10110.68,1442.78,ANUAL
f0a7c419-2eb9-4cae-b6b8-b4ebb4ef0cf1,63217.55,11916.58,ANUAL
4f27be8f-43fa-4f99-859e-626aaafe9427,242101.2,42966.34,ANUAL
6dc55e79-b110-44b9-ae59-f3c89f062698,350660.99,55496.75,ANUAL
2dc5f3ec-9e92-4d96-85cf-6dd3d12bcafc,86887.12,13669.91,ANUAL
b3100f97-596e-4c0f-b7bd-7da03c07d37f,272413.25,34784.94,ANUAL
b7c5bc85-ea94-4384-b774-f1fc5ebd46d3,107836.16,11353.88,ANUAL
89049f08-aeec-4e86-878e-52a486ebe1f7,187215.47,36926.65,ANUAL
b6b97b29-e201-4bae-bfa0-8d46947b1654,141050.63,17423.74,ANUAL
dd66868d-0813-4606-99cc-c705dbfec92d,283930.05,14454.93,ANUAL
f9d35c95-fdc0-4a22-b16d-216344eeb274,112811.44,10401.33,ANUAL
b8860ecf-8b54-4db3-9d77-41c6abcb0f4a,21452.61,1699.29,ANUAL
4672eaf4-4a3c-4df7-82bf-e628cb0d45dd,113863.37,12742.62,ANUAL
44fcfaeb-b605-450b-84c2-7c077166bdd8,25790.12,1693.59,ANUAL
99ecefc5-2983-48c5-a410-eb1da2c08c01,323782.69,24130.92,ANUAL
97572d80-cf04-41a5-b3f3-8a49843734ae,52232.3,4292.7,ANUAL
d9b1450a-44a7-451a-ab98-f506e4b776c4,105549.29,13440.6,ANUAL
27a5a27b-fb5e-4204-bf11-ceec50461d83,259681.18,13979.26,ANUAL
815ff5e2-b0b0-45f9-ac57-cf9bbc9adef9,414232.82,28068.92,ANUAL
060f33ca-c55c-40c8-9ddf-af2a3410ddab,340282.28,33185.9,ANUAL
8768f7e2-dbde-4381-8591-a41d9675d4c0,43150.51,5649.27,ANUAL
