accountId,updateDateTime,companyCnpj,occupationCode,incomeFrequency,incomeAmount
733dbf81-79a1-4e10-8e03-5406b12bdf6c,1971-09-26T10:58:57,40.295.738/0001-48,9451,MENSAL,982.49
c6023175-da1b-43c6-8d8b-ab48944475bb,2013-04-17T03:27:46,91.705.624/0001-60,1631,MENSAL,3258.22
bf01f753-70d2-49a3-8e9c-8dab9adc64e4,1993-09-20T08:03:12,20.548.197/0001-05,2885,MENSAL,13122.88
a779f4b4-5e5c-44f4-a348-d76c11245f07,1972-05-22T20:34:30,43.268.175/0001-97,9167,MENSAL,855.13
4fc35039-8eb0-4a73-a1a5-e46fc3e772f8,2022-06-24T02:00:44,72.104.638/0001-83,7161,MENSAL,1920.23
56fcd638-6680-4e0e-9351-d4b9031319ed,2004-04-14T17:39:15,53.912.704/0001-05,6881,MENSAL,10252.35
d8be53a9-f992-44e4-912b-32488741c057,2012-09-13T04:24:28,49.312.758/0001-54,7221,MENSAL,4659.59
c8770d9c-e625-4e2c-a757-6f3bacaff677,1985-09-13T23:47:35,79.436.250/0001-29,8893,MENSAL,218.02
83255db9-8936-4a65-bc32-a5fce97b398a,2013-07-26T02:08:54,97.043.216/0001-76,4363,MENSAL,15942.57
1d21e5df-10a9-42e9-baf0-74d573b5c6f0,1981-11-26T12:22:11,08.954.631/0001-51,7498,MENSAL,4063.81
43593317-c8d0-47a8-a954-15eedc717740,1978-04-07T20:18:29,26.148.357/0001-05,8575,MENSAL,10262.38
0a5f69a1-9969-4659-a7ac-8918ee972a8c,2021-11-28T05:15:08,51.439.760/0001-30,7781,MENSAL,7965.42
0696369a-a7c1-41d4-966a-3ec1e32f3001,2011-07-14T01:03:24,15.239.740/0001-52,4992,MENSAL,4366.86
a59420fa-a187-4458-ad52-d8f1d9011691,1973-02-08T20:41:44,68.241.037/0001-45,1340,MENSAL,246.92
142157f5-23f5-4f02-8a73-8250bdfe705c,1982-12-26T21:33:09,29.615.804/0001-87,5128,MENSAL,2756.76
80c46547-d443-4fea-88a8-91006ed2bd80,1973-03-10T22:11:47,49.053.876/0001-95,1151,MENSAL,4798.05
97240a3c-5c6e-4432-9bb2-de6caa8f94f7,1999-04-23T08:58:27,48.970.325/0001-23,4924,MENSAL,10069.19
ee258dce-5c52-45bc-9761-a238bc3cb8b3,2006-08-17T04:59:51,12.534.807/0001-93,4452,MENSAL,6346.19
1ba72ad7-2da7-4f6f-9d34-97d10503de64,2019-03-08T05:41:09,48.915.672/0001-53,2711,MENSAL,1823.34
e8eb8a85-ceff-4126-aee5-c9ddb9da34ed,1976-10-01T13:19:30,46.129.378/0001-90,5735,MENSAL,1006.72
d025c735-5a1b-45a6-97da-b98dc5a8155c,2003-05-21T04:54:32,67.539.408/0001-07,3366,MENSAL,2135.65
08a5c2cb-c2de-41da-976a-114607c1e920,1973-12-07T12:59:09,78.046.531/0001-02,6315,MENSAL,16144.02
e2a4cc5b-fa98-42ed-89a8-7e684209a346,2013-06-13T02:56:00,27.105.469/0001-41,3237,MENSAL,1249.93
3c92e887-6950-49fd-aae7-c0ce85082b4e,2020-02-24T01:23:37,18.760.539/0001-04,6633,MENSAL,25662.68
9d481c49-368c-4024-bf58-d65d87fd8fd5,1996-08-12T00:54:26,70.592.648/0001-80,7906,MENSAL,39532.65
2eb8178b-e21c-490d-82b9-b443e2cdf8d8,1993-10-20T14:23:00,40.713.528/0001-22,2177,MENSAL,2285.3
5d97f08f-bb23-4749-b775-14343f1ecb95,2022-04-03T15:32:59,29.065.481/0001-03,2604,MENSAL,193.14
bd125b4a-3856-43c5-bc38-1c92027cee98,2008-12-04T08:05:45,14.097.582/0001-80,2174,MENSAL,7686.69
856e2a01-e962-47a0-8423-dbf0899c2e9e,2009-01-15T21:17:19,39.247.806/0001-14,9464,MENSAL,8846.15
0348cb08-d7c1-4550-bad5-1889afe71674,2020-05-22T03:35:19,45.927.160/0001-19,8501,MENSAL,745.52
0f64b744-1695-483c-9ecd-424b24507bc0,1984-08-24T08:51:59,93.028.165/0001-52,4577,MENSAL,40338.88
ed8e99e3-84ba-4dc2-82f7-785d39ee7984,2014-02-08T23:32:29,98.741.053/0001-68,3571,MENSAL,6954.76
2b4cc614-a701-4c65-9cee-7b7a358b6f38,1980-10-25T23:45:05,06.518.397/0001-94,6931,MENSAL,2311.07
82baf106-b2a0-43aa-891d-b48598d1044d,1980-09-07T02:19:13,91.032.586/0001-21,1148,MENSAL,3637.74
34b9540e-4b60-4ebb-ba9d-0253309e600a,1988-03-09T00:14:59,10.257.863/0001-00,6065,MENSAL,3074.0
69ec76e0-9ee3-4c1a-8e1d-c94332132c05,1996-02-01T10:58:53,34.172.059/0001-89,4854,MENSAL,1499.0
30507a4b-60e7-4677-bbd7-9735c9776c5a,1973-09-28T22:09:53,18.637.594/0001-01,1081,MENSAL,1642.07
dab6525a-45b2-434c-ac17-e4acf26a40a3,2017-12-10T22:20:16,56.380.791/0001-87,1818,MENSAL,10571.75
4a07f2a6-90ba-4738-892d-625db9f2c398,1990-01-26T04:28:14,02.567.831/0001-75,5753,MENSAL,2786.47
67f59bff-eb5b-4da6-bb4b-b6d44f971704,1999-05-10T11:06:55,30.457.621/0001-60,9048,MENSAL,1234.35
52a6b5f1-0159-4088-86c4-51d1026bebb3,1999-12-12T02:25:35,29.751.043/0001-90,6538,MENSAL,3547.71
43944093-b3a9-4e96-a81d-dd817c51265b,2017-03-28T20:43:44,43.180.576/0001-90,3299,MENSAL,6609.02
ef36647a-7710-4b4d-a87f-189078bcfae1,1996-12-28T18:08:35,91.325.876/0001-63,1236,MENSAL,4311.86
35a2a936-3574-46be-a512-0ef7fab5af54,2007-02-27T11:45:59,02.715.438/0001-81,5847,MENSAL,9487.28
80dc9942-ca98-46b9-a01c-7118967f6c5a,2005-01-28T15:00:38,78.590.642/0001-85,3688,MENSAL,2548.34
5bd949c5-b0c3-4198-bf09-b58eb6772368,2001-11-30T06:35:13,64.502.397/0001-00,1951,MENSAL,9406.25
53f6355d-b246-4907-ba88-654c5373e4d5,2012-01-25T00:22:14,25.381.940/0001-07,5487,MENSAL,2039.02
3236b58e-d882-402c-978b-d8636b037440,1978-06-12T08:51:01,26.719.843/0001-36,7422,MENSAL,44963.71
81a3a9f3-d3e2-450e-bcf4-6c640d03c0b9,1974-11-15T05:25:18,04.562.379/0001-84,6653,MENSAL,4248.34
d7273f27-5d94-4b82-9f32-bbf8874f0837,2004-05-04T16:03:51,58.621.093/0001-51,3152,MENSAL,35419.12
908de335-ed87-448a-bb76-946436db5f88,1996-10-13T08:24:48,69.018.472/0001-78,3550,MENSAL,2676.49
df9de8b9-7df9-4ed8-ba8b-9f0c38b27b14,2002-11-26T07:51:15,15.962.843/0001-46,4351,MENSAL,4830.91
99f44c94-1374-41b9-837f-799b5023e363,2015-01-30T21:59:31,43.287.065/0001-72,8379,MENSAL,2393.43
0d0b3ec1-c510-4598-9235-291813bfb7ba,2007-09-01T14:44:03,64.305.289/0001-30,4084,MENSAL,2845.6
b0402ca9-5826-4b01-8efa-5622f574b460,2015-03-03T11:28:39,04.213.978/0001-92,6099,MENSAL,14706.72
5db0a97a-53a0-4510-a3f0-28850cb821cb,1975-01-09T10:57:32,71.582.934/0001-27,6682,MENSAL,2632.13
13fa376e-7949-4773-af53-585f6acd31f7,1986-01-17T13:29:22,51.642.987/0001-89,1134,MENSAL,9401.63
b6ff0b81-f0b7-470a-8564-207f2d738f84,2010-06-06T04:23:14,20.857.136/0001-20,7136,MENSAL,3949.39
fe031dd4-be84-4ad2-b63b-00abebc5eed6,1995-03-21T02:16:08,53.276.901/0001-77,7478,MENSAL,7535.96
7c72c6c8-db66-42ad-908d-e6357a3f8f0a,1970-11-07T04:06:18,97.531.802/0001-60,5442,MENSAL,1402.87
2a045951-a696-4c2a-8087-e199a744aebc,1983-09-21T22:02:07,75.960.182/0001-41,4767,MENSAL,4329.96
7cd46fd8-5cd3-4ce6-848d-b1bcc726e4b3,1982-09-08T06:20:28,42.507.389/0001-06,5046,MENSAL,9644.36
144179ad-ea28-42ef-935a-0c9b38655b87,2005-12-07T08:56:48,60.329.547/0001-67,7747,MENSAL,2444.77
6ed9d7d6-4eed-49f3-84b1-97d1845eaccd,1996-06-02T14:47:11,94.782.365/0001-69,6242,MENSAL,1568.74
5267d55f-a2cc-4418-9ffe-1204b4cb0a29,2024-01-08T04:18:31,96.473.501/0001-64,6249,MENSAL,8320.92
dccef204-a8e6-454b-b8c0-7dde764a9862,2001-09-05T16:23:51,87.439.562/0001-14,1314,MENSAL,34416.22
7015dd21-809d-4ed5-85b0-627ba9ac47ec,2000-07-13T23:19:24,58.796.103/0001-90,3500,MENSAL,1538.37
b8becddc-3d83-4320-b33b-88a1c3bfbbdb,2012-06-01T23:12:04,95.806.324/0001-28,6751,MENSAL,1021.16
ed6d8494-243d-4c71-8884-ab0c74f89707,2024-09-06T21:44:16,30.257.961/0001-47,2125,MENSAL,1222.85
c407bc27-4aac-4801-954a-90bb2a9c7683,2000-08-27T13:30:55,34.785.016/0001-79,1906,MENSAL,316.33
5a4de7f3-be30-4e26-a819-be63cdf6c6e0,1998-12-17T20:27:09,81.709.654/0001-90,2376,MENSAL,7867.72
72f34dde-87b7-4863-b24d-fa996dabef72,2023-12-04T23:25:40,45.130.678/0001-27,3438,MENSAL,8024.97
e6e1ceb8-d6f5-416b-b0c5-1b2621fa7ab8,2015-06-12T11:26:15,95.683.420/0001-26,2075,MENSAL,409.05
49d950a0-052a-4cf8-b03d-42bd85fb70a3,1991-09-22T13:58:33,12.408.635/0001-01,5502,MENSAL,6738.63
b1e28504-1d9e-46d8-9c29-200c3d2b2ec9,2002-10-24T23:42:11,62.385.047/0001-78,6737,MENSAL,1525.37
0120365b-92a2-4586-a53c-b9d3b9dcb550,2024-09-23T15:57:44,52.186.930/0001-85,8803,MENSAL,5666.38
a7e11d7f-6b69-48f6-84e6-30f968858d98,2017-10-30T04:24:50,48.910.372/0001-81,3068,MENSAL,3906.34
94e7e036-3ad2-4738-95d9-0124fdd264a8,1978-07-05T18:30:00,07.965.328/0001-91,8155,MENSAL,2218.81
eb61a52e-b554-477d-bd1f-10f810f8e074,1978-08-15T08:06:08,01.925.463/0001-27,2125,MENSAL,5757.73
6153184f-b51f-4df3-85b7-8cf4f98335d7,2019-09-17T01:28:29,36.504.798/0001-56,5168,MENSAL,4421.51
1c6a8d79-9143-4849-ad36-e0c21f2f1ca6,2004-02-05T04:34:37,57.894.310/0001-14,7370,MENSAL,10408.16
d584539f-5eb5-4c72-9b03-7b0853182333,2019-03-24T02:51:20,62.195.407/0001-79,5019,MENSAL,2630.01
ffcc663f-54a5-4a58-a091-76fc05498b5f,2003-06-09T18:10:56,71.906.584/0001-07,7897,MENSAL,982.85
684dd969-c1a3-435d-813c-d14f32eff1db,1972-11-28T13:07:29,45.723.980/0001-99,2037,MENSAL,296.75
bdd76e25-257c-4cfd-b1f5-6f7375cb4cef,2002-07-20T02:37:53,40.895.721/0001-21,8708,MENSAL,820.79
2b640cdc-b4de-450a-91dd-c9f41ddbf200,1973-03-06T14:38:55,57.461.923/0001-68,8944,MENSAL,9121.09
204e21ac-4527-4d0c-ae4a-3b67d9090d8a,1991-08-07T21:20:10,17.520.349/0001-57,5511,MENSAL,1656.89
91db98b5-1a10-46ba-8ab7-8b77552aebe5,1971-06-22T00:53:19,47.503.869/0001-12,9953,MENSAL,4924.64
3bac8639-69a4-4b57-8688-7a89c8871aa4,1985-01-30T03:21:35,18.943.726/0001-23,1568,MENSAL,4406.81
87bb05d6-a14a-4b79-b8da-1fa051089b0a,1980-04-03T15:52:57,34.027.915/0001-02,2134,MENSAL,7339.0
938c5f61-3a40-45af-8227-8806043bc709,1986-09-07T20:10:25,17.459.038/0001-20,9273,MENSAL,3754.13
01989e23-a447-4683-ad33-3f68c692db5f,1987-04-09T00:09:00,31.406.279/0001-31,8261,MENSAL,6403.46
cc7e4490-3de0-42a4-befe-e0a9c4af0d2b,2007-11-01T02:03:17,18.203.754/0001-04,3822,MENSAL,1546.09
9a37737d-8a31-46f5-8d28-040ce20663d9,1977-02-05T16:27:42,03.294.167/0001-09,9871,MENSAL,46.94
0c531d04-5caa-4244-b322-88fab0bb82e8,2019-03-08T13:49:26,80.135.279/0001-50,5852,MENSAL,19924.25
2c652434-c9de-49a9-a53c-983a97ab22e9,1994-09-13T08:20:17,81.709.423/0001-87,8512,MENSAL,18443.56
786c8d7c-97cc-4835-be27-5c28ff1d6db9,2016-04-07T06:09:31,74.102.985/0001-00,8966,MENSAL,9806.44
17f0e7a5-79ca-45ed-93cd-105c24465945,2010-10-22T10:18:56,18.524.790/0001-70,4225,MENSAL,7090.18
63fa8ba0-11a9-49fc-bb66-9c88baebb09e,1987-09-22T19:57:58,10.845.972/0001-30,5746,MENSAL,594.72
40068e4d-de87-41ae-9d2b-2e4fc7d5edfa,1996-03-13T17:20:54,26.739.514/0001-57,8164,MENSAL,8774.94
03bbf188-f750-4c79-8b29-e1a0ad36b52a,1993-03-02T23:54:59,10.649.358/0001-01,2233,MENSAL,6572.95
05d93199-1965-40b5-993f-3d538814081c,1999-04-14T03:16:15,25.160.387/0001-74,6361,MENSAL,1566.55
97f52feb-9e12-4712-b295-82024a490703,2002-09-18T19:31:53,31.062.475/0001-36,3113,MENSAL,1265.96
294dc941-5fe3-4635-8c77-10801695ac04,1981-10-02T02:40:51,36.579.841/0001-42,5269,MENSAL,3195.16
78b11bc7-cefc-4956-acf5-08ae0dd91a60,2020-07-08T14:30:10,71.023.589/0001-91,9921,MENSAL,13788.51
51055e05-0a62-42e8-b9b9-2f6d74a6be89,1986-01-21T03:33:03,85.130.427/0001-67,3908,MENSAL,3777.49
b195dd74-b5b2-455c-834a-50059fa2ef06,2009-09-07T00:26:40,48.762.305/0001-67,9187,MENSAL,8784.5
3078cc92-2305-4c27-9ec1-2f174600cb3d,2010-06-30T18:40:39,95.346.278/0001-21,1844,MENSAL,4389.56
6aa5add7-a8f5-46f0-bb6d-9e46b2fbf302,2019-07-12T18:19:48,74.062.935/0001-39,8298,MENSAL,1971.11
82cf53ec-192d-4ff0-9a83-fab553ba20cc,1990-06-02T13:19:33,31.892.670/0001-93,3289,MENSAL,3336.92
9f3a053e-320c-4f25-b0ee-f9e08c511667,2015-10-25T23:40:36,87.320.451/0001-94,3329,MENSAL,638.67
6de553af-2c3f-4d61-9293-6a9c8a8b309f,2003-07-24T18:49:24,03.265.791/0001-70,1903,MENSAL,7475.39
9ce9e3bc-1efa-4462-9bb9-871c70335025,1978-08-15T22:11:27,27.145.986/0001-44,6502,MENSAL,12620.96
18fd24d2-b65a-4ca7-8e02-8c5b5c5c60d8,2024-07-24T00:29:51,27.548.063/0001-33,4378,MENSAL,15392.87
93d36ed8-c9b7-445d-b050-0745961b0db6,1983-06-25T22:07:28,75.649.328/0001-32,8900,MENSAL,2365.33
c98a65e4-499c-431c-a92b-8cd0dbf31739,1985-05-24T13:17:25,89.604.317/0001-40,4027,MENSAL,17376.78
1b7817fa-64cb-40ae-9f9e-e87730216817,2023-04-27T05:21:22,93.865.127/0001-54,2942,MENSAL,4105.13
bf693c79-5649-442a-91af-8c2bec2cfc66,1981-01-31T03:29:53,27.950.381/0001-26,9524,MENSAL,10885.41
135081bb-70fe-43cc-a305-62eecf0aab1d,2022-08-27T16:48:04,70.342.896/0001-72,3299,MENSAL,10045.0
e8761e27-bbbd-411b-86e0-2203eb43ca95,2018-08-01T20:16:13,48.196.052/0001-01,4254,MENSAL,885.88
0519dda1-89e4-4ba2-918c-0d6e90edd2e0,2015-10-22T21:32:31,93.218.057/0001-42,9480,MENSAL,9603.45
5f8f3ec2-aed8-4cf8-ace9-aa1ca70ea23e,1997-06-30T21:45:58,53.871.946/0001-90,9413,MENSAL,4964.66
dde55ad1-2a01-439c-acc7-1ab1d0c684e8,1973-01-05T17:01:16,69.057.482/0001-12,4176,MENSAL,4188.13
2ce5809c-6840-4476-9eff-f915ed0d3fd3,1982-08-09T07:03:56,32.145.860/0001-00,2545,MENSAL,2129.7
32d52e42-30ad-4178-91cb-89de4674abfb,2011-07-07T22:14:59,15.308.724/0001-74,6446,MENSAL,4829.9
88262323-6ba4-45a1-a6f2-64c8a316be2c,1983-12-31T02:20:04,97.215.436/0001-30,6698,MENSAL,13508.92
b729d57a-b90f-4fba-be35-9f975c240ecc,1978-02-07T08:19:43,78.216.035/0001-50,8345,MENSAL,32172.07
3e5229de-692d-4fe0-8153-f07d9f96a876,2002-07-04T01:49:29,74.309.856/0001-80,4961,MENSAL,4679.29
9ee19277-c4e1-422f-9e94-bad1ad654b66,1973-03-31T12:43:35,31.862.047/0001-98,3397,MENSAL,16954.59
56076e45-7473-4f85-bb3c-1204b16a8793,2021-05-18T02:36:29,32.968.751/0001-92,9290,MENSAL,3824.85
8f782bfb-f4d5-4a6d-985e-ad8e71c9fbc9,1999-02-28T15:16:33,46.358.021/0001-84,6699,MENSAL,1172.71
fd76225a-07b9-4b33-b44c-ac182533471b,1994-07-26T03:32:21,03.417.629/0001-20,7695,MENSAL,5584.31
67101fe4-231a-49e8-a4b3-c54d4d8c77c7,1987-03-06T02:47:32,86.725.194/0001-08,4935,MENSAL,4550.61
43a7f165-3648-4fc4-9bc1-3559de3f60a9,2005-05-20T21:15:03,37.486.920/0001-71,4427,MENSAL,352.19
837b18d1-c516-4c81-833c-4c7e1eca959f,2006-03-23T23:37:24,20.597.361/0001-74,8418,MENSAL,5587.3
936faa7b-0098-4932-aa25-99bfd8bcd8e1,2013-12-25T07:54:37,87.294.610/0001-23,7285,MENSAL,3229.59
14530c5a-e8a7-42fc-956d-c45716fd0ed9,2012-07-12T14:27:30,96.532.048/0001-10,9810,MENSAL,19869.6
7a452530-3b5e-4cf6-8779-40ea432cca7c,1977-06-09T03:02:12,95.724.810/0001-05,7693,MENSAL,35552.91
dd177112-eff8-4a88-a976-98a69da7a76e,1990-05-13T10:14:26,51.263.049/0001-78,2223,MENSAL,6004.15
ffe8c02e-0886-4e91-8352-fd9afc7eefe4,2022-10-12T17:21:45,62.590.817/0001-14,6867,MENSAL,4852.02
75363cd3-4349-4871-95de-ff3778f990c9,1983-02-21T14:38:28,81.094.637/0001-96,4886,MENSAL,2739.4
1bbbf232-4e19-4032-b0ea-dd3d4423819b,2024-08-23T15:31:55,90.412.563/0001-80,7885,MENSAL,14732.76
c768cc1b-5bf0-40bd-a4b7-798d7ef54a5e,1977-06-08T00:57:05,23.596.481/0001-45,9635,MENSAL,1727.63
66918c2f-0b75-4a77-b7ac-c100476a4048,2012-08-13T11:30:11,79.624.103/0001-82,9713,MENSAL,9932.1
5c21d9c5-3e6d-4e70-83c7-e9a6c07fcaa6,1978-12-19T01:51:15,60.875.421/0001-98,2651,MENSAL,7075.53
4fecef2a-7493-44d6-bdff-6a2f26422a32,2004-05-19T16:00:08,04.938.217/0001-06,5091,MENSAL,862.64
5c9d62f0-bec5-4627-a492-6fa9014f89cd,1998-03-06T17:10:52,69.580.124/0001-90,2226,MENSAL,3894.58
2216618b-1860-4712-9844-b774ccb3a843,2018-10-03T00:47:04,59.067.238/0001-87,2605,MENSAL,167.61
a10a40d4-c0df-4698-977c-854961da1312,2013-01-04T11:52:02,52.836.491/0001-09,1645,MENSAL,6276.69
90579172-12c4-44fe-8792-53eaf88ec5b8,2011-08-27T10:12:39,58.372.416/0001-10,8529,MENSAL,6072.92
ee7a56e5-3a4b-47fd-9bdf-67b547974ee3,2012-02-11T19:04:01,89.065.327/0001-55,6969,MENSAL,12688.74
99e27204-3283-42c4-b06b-52c2de3e44d9,1997-11-25T17:27:46,48.967.032/0001-97,7925,MENSAL,1601.41
216d2623-fd94-4040-ac0f-ed4ed792cf3e,2012-06-20T07:13:40,51.367.042/0001-04,3914,MENSAL,2341.3
d415a334-8f54-48e1-a197-fce48c907aab,1981-09-03T05:28:37,38.750.149/0001-60,5306,MENSAL,7820.09
914a3b97-e9c7-4390-af35-1cd24bce9fd5,2015-11-08T12:34:31,45.298.710/0001-88,4223,MENSAL,5634.92
197f5d69-2f08-47a5-891b-9bed5d0df7d1,1992-02-14T15:26:51,76.243.895/0001-57,1751,MENSAL,6489.63
60c8bb6b-358d-49ba-97e3-4579b24d9288,1996-04-01T07:26:44,72.680.493/0001-69,1711,MENSAL,4389.95
992e84ab-fc6c-4ec1-b4b6-b153128c88f4,1992-11-22T22:34:44,32.096.574/0001-00,8671,MENSAL,4815.34
1faf4b96-0af1-41cc-bcf3-fbaa772a7bd0,2022-10-08T01:54:33,62.379.415/0001-75,8263,MENSAL,4278.14
c23dc5f0-7727-4d80-a611-6c6a6fad39eb,2014-10-26T13:17:14,60.721.893/0001-96,4208,MENSAL,4224.51
2069a534-53e7-4e41-8ded-2f545bf04386,1991-11-24T23:29:50,46.715.239/0001-49,8630,MENSAL,2554.26
e5ee8566-b3e4-46a4-ae79-c484d4718640,2020-06-06T06:37:45,53.829.714/0001-73,4742,MENSAL,5781.94
0336434f-a93d-49d2-88e5-a7d7b3289f8e,1978-09-05T22:54:07,81.205.637/0001-16,7436,MENSAL,40.01
f3f1a0fc-a574-4b59-ac3b-4ba585ace1ba,1984-11-09T05:26:30,32.876.901/0001-38,4116,MENSAL,4864.87
0bb65e7d-23e8-4510-9d2b-0726f0ba15ee,2001-02-28T18:30:59,85.790.423/0001-05,9318,MENSAL,9089.13
a517aba9-f8ab-4a13-89fa-7061ca156194,2012-11-28T23:36:38,82.741.356/0001-40,8521,MENSAL,1574.81
3ad56a14-5276-4bba-a2c1-3b10fdc865cc,1983-09-06T05:28:10,26.895.143/0001-00,8190,MENSAL,4629.24
504fd20d-b9ce-4dbe-999b-f138afde757a,2019-07-05T05:35:56,04.372.891/0001-68,1599,MENSAL,5047.61
a560dc5c-d7b2-4f4d-991a-99c6856a03f8,2000-07-04T13:04:35,94.370.826/0001-96,1009,MENSAL,31275.53
0a08a532-c133-49d8-b488-0bc6493d8e05,1979-12-08T20:30:43,01.479.863/0001-56,9758,MENSAL,4010.99
cc8f169f-865d-4236-8072-ebdfeb185e29,2010-02-16T20:28:42,31.704.569/0001-61,9989,MENSAL,14394.17
29d2f556-bf4d-4751-b7ab-94886ced7fb8,1981-01-02T21:12:16,94.521.803/0001-35,3365,MENSAL,1861.17
e9ddf9be-8f24-460c-aeaf-027cb51b6479,1996-03-07T17:22:06,83.257.941/0001-32,7625,MENSAL,9795.37
c49f7063-a5c1-44d7-a1ef-6fae761364b0,1982-03-23T18:46:24,71.450.863/0001-09,7949,MENSAL,4511.27
4e730f75-4bb6-4ece-9c01-bcb1a968b7de,1985-05-16T18:56:10,87.542.031/0001-52,5404,MENSAL,4239.05
868940e3-1d65-4f21-bc8e-8ce2108110e3,2013-10-22T12:20:29,81.476.053/0001-85,9851,MENSAL,4212.3
bd99e07b-571a-43a2-9eda-b87d85640731,1979-10-20T14:33:29,05.143.789/0001-53,9186,MENSAL,6420.0
80ec21a7-3203-44d1-a539-7c0ae962cdbe,1975-05-09T01:23:17,65.438.190/0001-79,7990,MENSAL,127.54
1a6a292a-2812-4e69-8a92-fea23c1be433,2000-02-20T01:53:51,86.519.437/0001-51,1788,MENSAL,19095.25
095a329d-aeb6-4731-a964-db583efc52c0,1992-03-06T10:10:41,32.165.784/0001-02,3709,MENSAL,6393.69
abd21aba-7afa-4f21-ae49-367a8d1870c6,1993-01-04T07:47:10,28.671.590/0001-01,6012,MENSAL,2286.84
df0327b9-ea5a-455f-b26b-fe0014d82b12,1974-05-27T09:06:55,89.546.037/0001-23,3869,MENSAL,5092.52
ce3710e2-d72e-4a43-a589-374bd75e620d,2003-05-12T14:07:08,73.596.084/0001-41,3428,MENSAL,18366.88
bb745f43-4c84-4ff0-81fd-7856ee2ef1bc,1979-12-04T13:59:24,32.845.971/0001-29,6842,MENSAL,4354.05
48ec3a01-5906-4b24-8f8e-a7e4a97fa63e,1986-02-25T04:08:38,32.547.980/0001-33,6504,MENSAL,42000.74
3065c438-d0f7-4d5a-b74b-c38a2259f6c9,2023-12-17T00:01:14,39.615.478/0001-61,7366,MENSAL,8630.24
a4b2f4b2-2fc3-41d4-88f7-4b0384fd0954,1977-04-25T01:15:00,76.842.953/0001-69,7392,MENSAL,4473.39
f0aaef8a-6d1a-483d-b4c9-a86a10a25fd8,2018-02-20T19:08:05,08.427.596/0001-12,8319,MENSAL,9319.21
74a57db0-8e42-42b4-8a82-9e6ebbb47351,2011-08-07T18:33:39,39.126.048/0001-86,1246,MENSAL,480.71
ed4ef64c-945a-4b31-8a63-4e40db665bf2,1986-01-18T22:23:06,80.967.423/0001-14,8365,MENSAL,9550.41
b896d57b-c43c-4d15-9ecb-4baf6a2617f5,1980-09-20T15:54:23,36.892.745/0001-50,4163,MENSAL,1219.26
6a304b39-1de1-4256-b7af-6d9d8fdc0770,1973-07-12T13:20:03,91.804.532/0001-37,9666,MENSAL,1625.47
8e252d51-0493-446b-a197-34fbb8d212bc,1981-07-23T06:31:17,28.196.457/0001-32,3003,MENSAL,760.05
9de0824b-6281-457b-8ecd-a9d04d53fe36,1999-04-29T10:00:51,57.439.816/0001-33,4508,MENSAL,9482.19
d0091bba-16be-41be-bdf5-8a1fd54ffe70,2017-09-20T18:54:45,34.782.056/0001-67,4300,MENSAL,12388.55
9bda93e7-4e49-4c3b-8277-12a25138efcd,1997-09-07T10:26:30,04.291.683/0001-34,1126,MENSAL,7345.47
4baa5da2-4213-4f82-9148-aaabee0e65fe,2004-07-04T03:30:36,81.056.437/0001-49,5031,MENSAL,4342.35
994ad41f-003c-42c7-9d37-32b3bb79755c,2023-08-05T06:40:55,04.916.583/0001-56,7827,MENSAL,7622.17
4be1b9b8-7bd7-4c0f-8209-4e21fc8d10bd,2017-06-12T14:26:11,24.859.317/0001-46,2963,MENSAL,849.12
b0d6c0f6-1116-4dbe-9e2e-97ddd17e91b0,2019-08-08T16:39:20,72.548.019/0001-88,7607,MENSAL,3842.86
649d4237-9ea0-4440-815f-d3f72878f77c,1989-03-05T10:34:41,56.170.243/0001-22,1374,MENSAL,1227.45
d54adafd-2679-416b-b91d-e18b7afffbd3,1974-12-21T22:39:40,86.045.127/0001-42,6989,MENSAL,3205.01
6f3eb565-348b-4d66-83a0-1c9ac9afb6e5,1986-04-23T01:47:52,24.360.719/0001-00,7361,MENSAL,2894.91
47e8de8a-ec14-42ab-9e20-4bf7faaf9c36,1985-03-09T06:42:53,48.965.013/0001-21,8821,MENSAL,2030.22
2fb0ad4e-1fbe-480c-9997-415bfe0dc7d9,2022-12-28T04:59:30,02.471.683/0001-90,1616,MENSAL,111.86
c64548ce-af3f-452a-8ca8-bc6139bb33fc,1974-09-19T05:12:21,40.398.671/0001-77,1606,MENSAL,16680.98
8f5d8bcb-39d4-484a-87b0-d56e958b8bf4,1995-09-01T20:17:33,87.912.650/0001-91,4055,MENSAL,14704.87
ceea5bdf-d616-435d-97cd-fd0d10b3debb,2001-01-13T05:38:16,59.247.368/0001-00,4064,MENSAL,6740.86
a4b76c7b-ed8d-4a21-95d2-185060b44954,2018-11-05T00:19:49,18.970.562/0001-23,2376,MENSAL,5601.55
2e6caece-3c4e-482d-9aaf-50955922fa25,1997-11-06T08:44:10,43.278.016/0001-73,8558,MENSAL,3982.41
b78df89a-1166-4169-9832-66359044f98b,1988-04-24T06:16:12,03.169.248/0001-79,9640,MENSAL,1141.75
33be7e10-514b-436d-9e1c-b8d348f10d47,1994-05-09T10:42:04,02.957.864/0001-21,4060,MENSAL,8237.91
8f2f14d2-dd71-4e83-ac8f-a01d22a6bc21,1972-02-08T12:08:41,93.607.128/0001-07,2325,MENSAL,208.52
1ad78cb7-9f16-40d2-acb2-947a2692d9d2,2024-05-17T17:40:53,75.980.462/0001-11,3420,MENSAL,14188.54
cc79df92-8452-40fe-bf48-98c39b683ef9,2000-12-28T11:52:08,75.204.163/0001-95,1095,MENSAL,15559.19
5c59500d-0390-4be2-a157-7309283b0a49,1998-07-30T03:25:13,49.623.107/0001-85,3657,MENSAL,443.51
8f82fdf5-ce8a-4b32-9352-2c6be20e7003,1971-01-21T16:24:11,83.460.159/0001-16,6155,MENSAL,3565.01
d4262a40-f887-4958-a8ed-d8134e08574f,1996-04-03T17:39:26,18.745.069/0001-00,6283,MENSAL,14462.25
580b2a50-f9c5-4a5a-a8a6-a85d2d3f413d,2023-12-27T06:36:38,07.862.415/0001-13,9508,MENSAL,19785.58
508ef695-12d9-40a8-aa8c-fb9564a146a6,2019-03-31T02:19:11,49.852.710/0001-39,9384,MENSAL,141.97
d2180f8d-14f1-41f4-9932-add77a790ebf,1993-01-20T10:52:34,92.751.630/0001-16,3358,MENSAL,197.76
e13812eb-974a-47bf-8eae-0f5150bdbad1,2001-04-10T03:59:33,69.142.850/0001-20,5321,MENSAL,2812.25
68d4dfe8-3d72-4257-adc8-3c5183b1d6ad,1973-11-15T07:46:23,68.724.035/0001-07,2702,MENSAL,4382.66
8516c341-cef1-4aa3-9bb5-cf03c0478cba,2021-05-11T00:06:00,05.983.246/0001-44,3907,MENSAL,1997.57
ea9d0fc3-de75-43f3-adc3-6cd148e6ce20,2001-06-10T03:22:15,12.985.763/0001-18,6727,MENSAL,1329.3
4d1edee6-e9e9-40c5-b941-cc14d19d55d8,2016-11-09T20:02:09,35.870.492/0001-50,1225,MENSAL,12463.03
4b00eabd-3ded-4149-95fd-eb5091c7211f,1991-10-12T06:32:52,63.980.472/0001-78,3352,MENSAL,1071.64
4fcd8cd6-b2b4-4da3-93db-32cb5f9f3d2d,2001-12-11T19:02:10,75.961.234/0001-02,8457,MENSAL,12353.81
4af6061d-f8d1-4e43-8145-48ad895bb84e,1979-06-06T13:59:20,31.856.209/0001-85,6812,MENSAL,7697.5
9ca592c0-b9e6-4b28-b08f-ec24916ce806,2021-04-25T09:28:02,74.201.856/0001-61,9540,MENSAL,4317.33
b8529c84-c254-4012-b2b2-f13c7eb84aa5,2017-10-09T23:04:29,48.560.912/0001-44,2996,MENSAL,2932.21
d77b55a2-5323-4e24-b54a-0b5436420c28,2005-07-08T15:38:03,47.058.236/0001-42,1678,MENSAL,12735.37
2362712f-f5e5-4b17-bb8b-090076441383,1976-10-01T06:41:07,46.920.358/0001-33,9303,MENSAL,3692.68
b26c4773-f256-4071-81b7-041a3b2b80d4,2011-12-24T08:08:15,80.671.259/0001-01,6125,MENSAL,24659.95
77f9e023-c1c7-443d-a62d-b378e5ce1bbe,1994-04-26T11:21:03,54.960.321/0001-67,6349,MENSAL,3537.29
75630793-dcf1-494a-99d1-b717e8c9ec85,1994-04-06T12:33:17,07.451.892/0001-96,6740,MENSAL,12628.28
e8929eb3-8d31-484e-bfd0-537aede5a45b,1993-05-08T23:31:57,93.176.504/0001-48,1099,MENSAL,1455.01
36353222-f006-4673-ab58-6e82c96062ec,2011-01-15T10:37:04,79.152.843/0001-63,8000,MENSAL,8948.8
2765daff-cf4b-4628-9e66-89611e0ef7b5,1993-12-06T22:14:38,25.164.789/0001-47,2342,MENSAL,9284.43
90fee257-4b86-4ebb-821f-91f4b0254100,1974-05-15T02:29:11,23.456.071/0001-07,9091,MENSAL,7.8
83202211-e74c-41a9-8403-68c79ac92d75,2005-10-17T08:29:08,15.096.283/0001-94,8911,MENSAL,9279.47
61e8d282-73be-47e8-81b0-213f0cbd94ae,1989-05-21T01:51:20,12.086.739/0001-47,8743,MENSAL,4451.76
028c6636-a6df-450b-bec0-a35cb28ff4bc,1990-12-24T14:37:11,41.380.975/0001-70,1020,MENSAL,895.93
118aa57f-142e-4406-99a0-6847e1069021,2001-09-27T18:18:05,13.520.496/0001-76,3249,MENSAL,9201.15
0533bbe2-db20-46a4-8a5c-5140647a5592,2008-09-15T04:45:44,86.715.329/0001-54,2324,MENSAL,4203.45
1ae32dba-f796-48f3-9229-46e8e8978f81,1973-06-05T21:00:43,92.471.863/0001-65,8687,MENSAL,1457.28
f795e225-c791-43e7-9aa2-5ea048da1a1d,1973-10-17T01:25:35,61.593.270/0001-48,9485,MENSAL,2003.67
d0dbb62e-13ff-429b-aa4c-1728b5b99731,2016-06-02T10:22:19,58.631.790/0001-93,6076,MENSAL,6310.13
e5014ced-d55a-4790-b68a-0ca4f141cd3c,2020-01-18T10:48:35,59.243.781/0001-98,3015,MENSAL,2640.13
7ee4b419-5948-490b-9d1a-b59f63272e8e,1981-12-01T14:08:55,38.759.642/0001-41,2583,MENSAL,41560.17
2fc0cf90-a03e-49eb-9056-5275e895ab99,1977-04-12T12:08:56,97.543.128/0001-33,1211,MENSAL,572.35
2226ea17-d6f2-491d-92de-c14d827734a1,1975-12-02T20:09:16,57.024.186/0001-36,3437,MENSAL,10157.95
7f095b56-cbd0-438f-a839-46cbb97dbf99,1991-05-10T13:11:51,85.023.146/0001-05,8780,MENSAL,2942.74
e3b7fe8f-d347-45c1-905b-b4f5a5821d72,1984-03-11T02:49:58,62.091.584/0001-05,6695,MENSAL,1070.03
6970532d-b8d3-4a49-9529-77e2c2156d14,2019-01-10T21:33:25,92.518.307/0001-05,1546,MENSAL,4696.13
faac0898-b243-4cb8-b52e-079df1d0d08b,2000-03-11T10:18:07,59.387.210/0001-27,5160,MENSAL,1222.13
aa864a38-eab3-4431-a944-07528e70d062,1971-07-09T17:07:25,10.832.954/0001-14,6965,MENSAL,6291.18
4af35e5f-8cf8-47e8-94fa-e9a7742cd0f5,1994-01-02T06:16:40,19.842.056/0001-11,9128,MENSAL,2153.86
63b8de6c-cc23-4f3a-aacc-9a7798e33d5c,1995-01-23T14:22:22,62.597.013/0001-47,5713,MENSAL,23003.4
53939506-3eeb-4466-95f2-465147dac9cb,1986-09-12T12:39:04,78.154.362/0001-24,5876,MENSAL,4651.52
3dcf5ac0-9aa4-48d6-9d06-75a3e306ef83,2022-09-13T05:27:52,19.432.568/0001-00,8215,MENSAL,34737.36
2067e7b8-3cc0-40ff-9b34-3fa2dd109cec,1997-04-01T06:18:28,43.102.589/0001-41,5066,MENSAL,23029.53
62ed0779-95c2-4d69-b659-ad48f19bd4c4,1974-11-01T07:48:44,89.041.376/0001-58,7952,MENSAL,3642.49
861fac19-6b4d-4525-b741-b78c02d88d1f,1993-12-30T15:07:47,13.567.049/0001-72,9336,MENSAL,4307.64
424807aa-7b32-4df4-bd42-e39b068ef0ff,2003-02-06T21:57:04,74.382.659/0001-96,4942,MENSAL,14855.65
280a17fb-c18c-4be8-b335-4cf95c28d81e,2015-12-09T04:28:15,45.962.781/0001-33,5556,MENSAL,2694.55
e0d8ea40-fc34-44ad-a63c-2ba3dc6b4b07,1973-02-15T04:28:21,85.960.374/0001-01,8445,MENSAL,7970.19
76c85b22-1c1a-4a9e-9782-5ba99f866448,1987-07-29T12:36:25,04.261.987/0001-59,2850,MENSAL,1320.87
4ae54396-5a42-44e3-81ee-6a4160041620,1992-08-23T03:46:49,32.851.604/0001-38,7926,MENSAL,4325.11
a4f08653-fd44-48ee-9a53-f41e658317de,2017-12-14T04:19:36,68.425.179/0001-62,7538,MENSAL,2044.23
f203d032-0d0f-47b8-a9f4-f59fb7b05e96,1970-05-20T06:05:51,78.456.320/0001-48,8191,MENSAL,3335.22
b1184464-d4e7-45e2-a815-02cbfa726e6c,1986-11-03T13:43:04,42.175.038/0001-45,3849,MENSAL,1827.86
8fda3319-08de-4802-91ab-1fb6aa8cee51,2007-06-05T02:32:10,61.572.840/0001-13,9071,MENSAL,3586.23
a40435fe-43b9-4a27-ba0e-339db69467b6,2010-10-19T02:53:53,12.563.970/0001-84,2694,MENSAL,18291.11
290a3bfb-3290-4780-bfb7-4bd8e05821f0,2007-03-26T16:39:39,74.856.019/0001-70,7024,MENSAL,4885.0
e5657669-e52c-4ecd-83bb-6b43aadfe469,2017-01-06T22:16:18,56.941.372/0001-77,9338,MENSAL,1167.29
8d131a20-ccda-4132-a9b8-cb2910a512b0,1976-08-11T21:40:39,05.197.863/0001-14,6820,MENSAL,1793.29
f666701c-b93d-4b38-aee7-dd6600008567,1991-07-03T05:53:02,80.574.213/0001-66,2137,MENSAL,1839.68
5d8323a6-aa70-4a8d-a6e7-b9cd4dfa48b6,1990-11-30T14:43:07,25.071.684/0001-43,9172,MENSAL,807.43
827f8382-2641-4ec7-a8c9-78d548133915,2013-05-26T16:20:32,36.954.780/0001-56,6936,MENSAL,8201.79
0062968a-e10f-40c7-a8fe-45d3b68e73f3,1977-08-10T18:02:42,51.460.729/0001-81,7340,MENSAL,5876.55
52635efb-b599-4366-8bca-9a7e9a63057c,1970-08-12T07:30:55,25.640.938/0001-05,3628,MENSAL,83.64
14cf04e1-cf35-4faa-82aa-a34363cec654,1996-08-15T02:00:00,73.946.028/0001-90,2649,MENSAL,9177.13
0d0514e3-fd04-42e0-9cd2-2ab50ae950b0,2007-05-08T13:14:48,52.081.794/0001-69,1932,MENSAL,2778.99
78c6bd91-0759-43ed-a5d4-d6b51cd27dcd,1970-09-25T22:58:35,01.839.547/0001-48,9636,MENSAL,7844.96
b8c94cb5-757b-48e1-a00e-425b93b7cbae,2010-05-28T07:55:05,91.546.307/0001-48,1700,MENSAL,49868.25
0db44dd3-d35a-408a-bfc7-a7909cad6f8c,2012-08-16T17:56:31,86.137.502/0001-84,1580,MENSAL,4057.88
5074a335-019e-4b44-b8f2-8b45de35b0ce,2006-05-13T05:04:35,73.591.246/0001-59,7788,MENSAL,4533.45
50618078-4892-42ad-89e4-70362a9675f2,2007-06-04T22:37:06,86.720.143/0001-93,8820,MENSAL,4106.58
2a484d0f-5d83-4a13-a0f4-cb8d1598fc67,2002-07-13T15:22:03,57.623.819/0001-22,4602,MENSAL,2207.84
b6139481-e608-4a36-951c-ca4b8b149d8a,1985-09-25T14:30:34,20.946.137/0001-40,6638,MENSAL,5118.12
6ca2b308-a92f-4a8b-9ee0-7f6927321bc5,2024-10-17T15:48:07,45.098.216/0001-70,9658,MENSAL,580.54
500a8dca-90fb-4b64-9b25-ad3bfb447983,1979-07-15T19:54:06,36.780.549/0001-93,8588,MENSAL,20797.72
a857a0c7-3b92-46f3-922d-8d6aad5d7f0c,1991-02-02T13:29:02,87.143.560/0001-83,6554,MENSAL,33493.4
d9f42c8a-93dc-4d0e-8575-33ba6e6423fc,2012-06-22T06:51:08,72.810.463/0001-20,4068,MENSAL,36222.66
464f6207-a73a-4c7c-a5c9-55fe6b6e984c,1974-04-11T20:17:59,53.082.164/0001-71,2592,MENSAL,7286.03
c6779fa1-44c5-4c0e-b9bc-98acdcc8a707,1992-07-27T10:23:30,70.431.625/0001-93,3358,MENSAL,17889.82
beb82a7f-9c09-4b95-bffe-7b628dc18cc6,1990-06-05T09:35:17,19.087.254/0001-17,4373,MENSAL,3114.95
ff08f1a8-bab4-4034-a580-a7cf64890f93,2013-03-05T22:45:05,73.564.012/0001-12,2519,MENSAL,20169.94
7ec9e221-0382-4466-8fde-16adc92fe760,2005-10-03T16:56:02,97.824.105/0001-05,6438,MENSAL,1215.22
734ded67-ad5b-43cb-8659-fe5b6d6a452c,1978-03-18T03:20:29,85.710.693/0001-69,7773,MENSAL,2006.47
c571a3b0-eb25-4c97-8d1d-c00cd901efc2,2011-05-07T10:23:22,47.209.165/0001-31,7187,MENSAL,9233.33
7343420a-30f3-41ab-b1aa-2bc82d4c7497,2014-05-09T18:02:02,61.457.830/0001-37,8928,MENSAL,4033.03
2710ee46-a817-4978-91d7-fc8267fd3503,2015-09-02T23:47:24,68.052.347/0001-11,6911,MENSAL,4686.58
968fe3e8-c0f5-4593-bf64-f5f919388943,2011-11-11T14:00:02,80.521.746/0001-80,3074,MENSAL,44780.76
279e6199-8418-44bd-a089-7a9c22afba86,2014-03-31T12:52:21,29.531.680/0001-51,2764,MENSAL,1193.05
d6aa1558-0571-4753-9637-767c67669190,1989-07-13T07:22:22,79.051.642/0001-70,7741,MENSAL,12105.3
b4d9e086-c496-41f4-b61a-f6dab89769d9,1982-10-23T12:20:48,90.351.846/0001-69,6029,MENSAL,1314.03
51049046-0daf-44fe-b017-aaeb76f9f107,1999-11-18T10:23:05,67.132.908/0001-20,8850,MENSAL,9580.5
0c981e12-2c70-4f3a-b99d-6a3e318853f9,1970-06-11T21:22:58,13.462.078/0001-70,9127,MENSAL,2244.14
fde9fe8b-b24a-4ae0-b34c-7881d2b094d4,2002-10-07T16:44:34,39.107.428/0001-73,1386,MENSAL,3470.04
92b1eb81-0b00-4aad-b61a-ac8e0abb9412,2008-06-29T05:17:01,51.496.370/0001-00,1932,MENSAL,8084.29
88ef0784-3572-4b24-950d-07a2b211bf27,2009-03-27T20:51:21,09.824.571/0001-15,5471,MENSAL,39967.13
5600ed68-da5a-40fd-9371-ea907f05ffcf,2005-11-20T12:59:30,18.609.523/0001-03,7553,MENSAL,780.19
6247b4ba-47de-4dd9-9f0a-0d81c10873a2,1991-01-17T04:16:11,23.180.694/0001-91,9197,MENSAL,187.03
6b034a8c-de5a-4c4c-96a8-463df379cfd2,2010-09-08T06:55:10,38.560.149/0001-06,4109,MENSAL,3832.43
bc0bcb31-b142-4da7-9557-dd5a3cc24987,1970-06-27T12:51:50,50.391.482/0001-26,8710,MENSAL,7769.92
f2f757aa-4964-4b19-a519-b3d66ea64745,1972-12-07T10:20:39,76.105.498/0001-19,6655,MENSAL,1656.99
7c5f34bb-f53c-429d-9a81-b2b8b90d1ed3,1999-06-15T16:46:55,75.896.413/0001-03,9016,MENSAL,15013.35
979663aa-f9a1-4f8c-81bc-de8b39916581,2015-11-05T15:50:42,17.596.420/0001-85,7053,MENSAL,2503.43
e3c18dd7-776c-49ca-a825-9d19c25574b3,1977-10-24T00:30:27,34.597.628/0001-38,1720,MENSAL,1592.37
0e750aef-8da0-441b-a887-86520e0b5bcf,2023-03-24T17:31:31,35.721.609/0001-34,5544,MENSAL,1872.37
1de3923e-4023-4a56-87a2-365468db9cf5,1974-09-01T13:14:15,32.854.907/0001-04,4230,MENSAL,224.31
3ef50dab-3007-45c9-ad57-a908ce68bcef,1971-01-16T00:09:34,68.107.345/0001-82,5345,MENSAL,5069.81
533ec595-be61-43b6-8374-472ea88cdbaa,1989-06-29T21:42:53,25.319.074/0001-16,3381,MENSAL,12076.09
8bad0c4e-3616-476f-9a8e-bcda39688f36,2012-05-12T08:59:15,72.138.905/0001-33,2600,MENSAL,1612.63
acd178e1-2b6b-47fa-94c6-7f2c3c675bf4,1975-07-31T05:40:03,17.342.086/0001-33,9382,MENSAL,8131.97
248edab3-90a7-4839-b690-98104100aaf1,2010-10-24T15:10:06,30.192.745/0001-60,3138,MENSAL,4516.89
343bffbe-a2a8-4b38-b932-5d3c4bb6d4ad,2011-04-10T17:23:36,27.980.346/0001-50,6243,MENSAL,9602.95
fa0b5479-7ab5-4644-8da2-6743f80c3f05,1992-08-09T17:43:00,84.012.967/0001-83,4809,MENSAL,11878.2
e3268ed5-f379-47ca-8d18-5ae5dca64559,2011-04-18T04:19:49,19.746.205/0001-49,1846,MENSAL,12625.39
1dcd9587-8dd9-41c1-9a28-22074e68084a,1977-08-14T10:42:37,86.170.429/0001-42,4830,MENSAL,1644.65
613171ae-7793-4c45-b853-e0843a9f9104,1997-12-15T14:08:32,69.147.025/0001-19,4455,MENSAL,4070.6
bf761940-91e0-42ce-b8f2-ac6a0d7c5451,1987-05-28T04:07:18,07.914.362/0001-37,4549,MENSAL,1942.63
4836ce2e-0172-4ec9-a44d-b4793d7ef55f,1986-08-10T00:49:12,41.376.058/0001-11,6037,MENSAL,434.91
09e1a0af-6cb8-42bf-b7ee-9ada7399d764,2017-10-13T05:30:17,25.489.710/0001-58,4447,MENSAL,7287.73
b090e3c9-77c5-4f5e-b0a4-eb52e5db3dc5,2014-12-12T01:27:05,03.964.128/0001-63,1980,MENSAL,1185.33
3e7b28e0-5caf-4230-ac1a-49f934586848,2003-08-18T10:46:52,52.930.648/0001-60,3928,MENSAL,9267.41
0ba2ceeb-3f06-4eab-b405-6ff1e46ce069,1989-09-19T06:32:43,32.074.695/0001-42,1957,MENSAL,11891.63
0d234434-e609-4a70-aaea-189e87070ea5,2010-04-25T06:21:05,71.304.296/0001-82,2018,MENSAL,6895.75
98a94528-0ee8-4ed0-aa77-8a551e48ce66,2003-07-19T05:12:13,43.695.281/0001-57,9508,MENSAL,17528.13
0eccb256-b88e-4db5-97e9-0f0a74bfa046,2010-10-02T03:05:30,79.516.248/0001-60,7412,MENSAL,5264.64
d23cc6c4-bd8b-49f8-aba9-748414de19c5,2005-10-20T04:07:11,43.801.267/0001-90,5711,MENSAL,11252.43
a968e43b-ad7c-426b-bc16-af747a5304b5,1990-08-23T17:01:39,91.274.360/0001-37,2043,MENSAL,3806.73
e9741dd5-a25c-4fa6-9782-dfdbb97f8c27,2016-11-02T15:46:16,29.563.087/0001-97,3551,MENSAL,5537.84
367aae60-08f3-417f-8cf3-fc488636737e,2023-12-28T19:01:42,14.529.803/0001-42,7395,MENSAL,16871.06
c21868b3-28a5-4a52-aca6-8837cc87bf21,1995-02-09T09:20:32,87.562.341/0001-39,7291,MENSAL,642.75
fba1e603-2f47-48ff-b90f-fd16ec309523,2023-12-29T05:31:29,08.541.729/0001-87,1831,MENSAL,974.46
fe244d14-4870-4c88-b9b2-40e619341459,1992-04-18T21:55:06,30.715.468/0001-23,7735,MENSAL,42379.37
7ca1d2e7-f63f-40c2-b315-d562a14e346c,1992-10-01T09:58:58,79.510.682/0001-32,6437,MENSAL,11086.58
896efb7b-6321-459d-852d-be61c3cc3907,1993-09-28T17:28:41,41.509.726/0001-31,8726,MENSAL,1368.76
6a91cbab-28ef-49ee-8211-5cd45a879561,1991-08-06T19:57:26,36.928.157/0001-29,9082,MENSAL,4374.94
a5da47c2-6d15-42da-8c50-829b4745bf87,2003-01-20T21:28:05,53.917.284/0001-41,6901,MENSAL,983.21
96a31b9f-c4ff-41f8-87b6-faa4283565ca,2006-02-01T02:37:08,09.528.431/0001-08,3800,MENSAL,8928.95
589e9e82-e191-43b5-9dfc-60f2ea4b9814,1984-05-21T20:53:47,38.764.215/0001-51,8536,MENSAL,46119.07
4e9b5b1e-a2a1-4482-81a4-e222bc8e6d17,1993-04-19T09:40:30,17.029.348/0001-04,9691,MENSAL,32595.65
62904c4a-626e-44ff-aca2-14e62bf113c1,1993-04-03T15:23:29,02.543.971/0001-03,8672,MENSAL,3662.72
0f3d641b-6b4b-42bf-ba75-004be9b915ce,2010-03-22T07:36:55,58.672.349/0001-50,4025,MENSAL,4668.7
96b371f3-567d-485a-8ec6-8833c4306302,1989-10-23T17:03:56,26.485.179/0001-08,2799,MENSAL,5309.42
bd0a5131-5763-4aab-8b0d-62dd55715a7c,1983-01-22T08:11:16,76.589.231/0001-44,7173,MENSAL,375.72
cacd6ba0-7abf-408e-a4ef-2567e9fb52aa,1984-12-08T18:46:18,96.724.318/0001-94,7137,MENSAL,7199.75
3890017c-f59f-4a2d-906d-eed6402794da,2010-10-11T12:24:03,65.072.931/0001-40,8996,MENSAL,18914.0
16bc48fb-6a53-43fd-be6c-0253d2de757b,1987-03-08T00:15:13,38.475.290/0001-00,4568,MENSAL,31380.9
644dec14-869e-4812-a2ef-05d7f2922575,1996-12-10T01:50:35,51.708.693/0001-02,2952,MENSAL,4631.05
64843c37-f118-432a-b48c-70866284472f,2000-09-05T17:09:28,60.287.395/0001-87,6262,MENSAL,771.39
7dcb608a-74fa-42ab-bd0f-f2ae11e8c246,1973-05-04T12:26:14,74.192.863/0001-44,1678,MENSAL,4902.9
3cb2c122-58a6-498a-8358-d70b7781e216,1993-12-30T03:27:51,72.019.358/0001-77,5969,MENSAL,4883.88
3d0a528b-1b5b-4a21-a0b7-d80c811e3e6e,1982-11-25T15:18:23,24.157.963/0001-61,2023,MENSAL,8496.15
0cb351c7-f2cd-4f11-9873-6a1333699110,2012-03-05T14:17:53,92.078.413/0001-07,1950,MENSAL,31329.89
ba4bbd6a-d69e-4ebf-b8b2-b0c799ec020d,1985-09-09T16:55:29,29.871.463/0001-00,6588,MENSAL,4430.17
8caffdbd-e89f-4fca-85a0-44f932f77965,1997-02-09T14:00:39,13.567.042/0001-50,8373,MENSAL,420.46
b904ce37-356d-4449-a0af-7748152e7eea,2011-03-19T22:37:33,50.641.298/0001-97,4777,MENSAL,1469.44
7dc6b5a1-a185-4295-9e05-f706456467ad,2005-10-02T16:35:56,92.341.805/0001-17,6146,MENSAL,4053.8
e3c64d0e-9e83-4356-be7e-36a889640096,1982-06-16T18:09:55,51.987.243/0001-04,9035,MENSAL,1405.61
76373bf1-31c3-4873-a4ed-672d3c4c7601,2014-10-06T05:50:22,45.860.219/0001-07,2641,MENSAL,2847.87
67db8b1c-06ae-4287-839a-b488d305ad38,1999-02-27T15:36:06,17.029.465/0001-78,4446,MENSAL,6787.36
0356ea6e-fdd3-4af7-a22d-74dcc2c369c3,2007-10-09T13:56:23,28.470.659/0001-20,2553,MENSAL,2784.56
3a04098e-10d9-4ab5-b210-ef3d29b2b84a,2021-01-16T21:02:05,86.217.590/0001-24,2897,MENSAL,14446.6
d88a73e6-e48f-4097-95a5-079bbd8e57ca,2021-05-29T12:06:20,32.467.901/0001-84,4352,MENSAL,7070.79
250aa9fd-6c70-4f20-b952-5843f122e12b,1981-07-01T17:05:37,62.034.815/0001-49,2949,MENSAL,2418.43
6e6becdd-ae9e-4298-8159-95cc5a3376aa,2013-03-13T07:28:20,54.712.036/0001-27,8457,MENSAL,15282.83
7292416f-a237-4a1e-b0e0-424a6fb0c9ad,2023-02-28T07:28:08,09.342.867/0001-08,5567,MENSAL,2893.13
8a60a05f-98e4-42fe-94ec-66714b07b801,2020-01-28T17:38:16,74.081.953/0001-68,8369,MENSAL,1961.62
c8b0b1d1-61d8-4039-8a98-96d4d4a7bb00,2014-10-11T04:51:50,58.012.796/0001-82,2938,MENSAL,20592.74
a4607186-e779-4d3a-af5c-a2d8dcf29a33,2004-06-08T14:31:19,94.102.735/0001-70,2134,MENSAL,671.83
e099bec0-f24b-4d59-86e5-e01ddc05e0dc,1980-07-14T00:40:34,24.859.017/0001-67,6997,MENSAL,1482.7
f82e851b-3da6-476d-be4e-99510137657b,1978-04-08T07:25:53,70.598.612/0001-03,1660,MENSAL,13891.74
93fc50ef-e927-4737-bdd6-1b19a0ffd4d5,2001-01-26T18:01:39,84.630.519/0001-43,3616,MENSAL,2251.2
e9ff5d6f-d965-4a62-8d51-0ce3281a92d1,2006-05-11T12:55:22,52.641.387/0001-69,2763,MENSAL,2274.39
82e942a1-8ff3-4dfe-977e-74ee42cabf27,1994-04-10T03:50:33,23.016.785/0001-96,5822,MENSAL,2621.18
cd83b4c1-b53f-427e-8699-5f43edd8694c,2022-09-20T14:04:34,06.738.145/0001-70,3734,MENSAL,296.13
b5245afe-c4b8-44c6-8a8b-e504288edf57,1982-05-26T06:53:50,67.019.834/0001-10,3215,MENSAL,4863.59
7d4cb4d2-b608-449c-b356-30be83b85d6b,1979-01-04T20:46:02,58.206.793/0001-80,5894,MENSAL,2069.95
4793ff72-5344-496a-b253-305d6c737806,2009-01-17T18:59:51,89.604.215/0001-25,8358,MENSAL,50.68
ee3c7683-4716-4218-ac82-15fa75b653f8,1996-12-30T07:01:35,85.937.261/0001-95,5204,MENSAL,1863.77
6baa6a57-6955-4d0e-a1e2-89d58c83fd62,2003-01-22T05:16:38,04.283.759/0001-80,2726,MENSAL,1608.21
0d8cd382-ed6c-4d6f-85d9-3edac3c4185c,2013-06-04T03:49:31,62.043.589/0001-62,3917,MENSAL,1914.12
e1d7bd4c-7d37-4cb7-95bd-f5dd0a0d4d87,1978-10-13T16:50:01,04.851.379/0001-02,5867,MENSAL,13366.36
383ca3ea-a5d3-46c6-b810-39d4fd66eda6,1975-10-29T20:32:21,92.371.806/0001-04,3762,MENSAL,1579.45
ed5d7177-a6b9-445b-b28e-1c62e95aef9d,2016-01-24T07:27:03,18.035.264/0001-46,6315,MENSAL,5255.78
40697a7c-0ea7-457a-86d8-6e9b1ce74d4c,2007-04-14T16:51:55,23.407.851/0001-59,6687,MENSAL,735.4
4f3daee7-d4af-4f60-86a9-45c7201eb1ff,1994-08-23T03:29:54,04.512.968/0001-58,5861,MENSAL,7560.67
351dd5be-481e-46fa-b8b2-7ea7fd7dc139,1996-08-24T16:29:00,52.814.937/0001-02,8870,MENSAL,12767.22
67b59a4d-8100-45e5-9846-9b58c3a4d12f,1982-12-25T01:55:49,52.981.076/0001-49,3677,MENSAL,2445.04
3e0f193c-7cb3-4def-81b5-51a982269250,1996-02-22T08:06:30,68.249.135/0001-29,9733,MENSAL,10748.94
abd07236-067b-40c2-a000-bd958a616992,1985-08-23T12:38:05,63.425.789/0001-42,6050,MENSAL,846.82
25665bab-116b-413a-8e37-35624e8fff91,2024-01-13T16:12:41,37.920.461/0001-92,5175,MENSAL,15586.02
a6e3594e-a4ab-4ac6-9d48-498a63918842,1996-04-10T09:47:05,19.675.482/0001-08,3033,MENSAL,2210.02
937590a7-9d9f-4db1-a9aa-2984ef71dd70,2006-01-07T16:57:22,58.903.467/0001-21,5151,MENSAL,9551.12
9d6413de-05a9-4a1c-82a0-0b4e7e186b91,1970-05-04T01:30:15,79.143.658/0001-02,3039,MENSAL,44965.07
f6fbadff-fd06-4994-b81a-1a8c3a9befc2,1997-12-31T23:03:21,94.821.605/0001-97,5635,MENSAL,44329.91
a587ca4c-c5ec-4355-b1a8-17a450afa835,1986-09-25T21:56:33,13.486.970/0001-90,2518,MENSAL,3790.99
2148709c-e3c0-4500-a81c-d0b14ad1a729,1995-02-12T17:07:21,86.034.175/0001-35,2509,MENSAL,2345.43
76db67ca-8343-4c13-a7ce-e27584803a35,2011-11-28T22:45:31,26.730.148/0001-75,1948,MENSAL,14724.72
19992dfb-8bee-40f1-ba40-89347d5f6981,1997-12-15T14:21:33,08.621.475/0001-07,9604,MENSAL,8644.68
14bb68e0-5024-4e01-9b4a-d6a98cbf402b,1992-03-15T00:19:17,39.641.085/0001-22,2710,MENSAL,9898.88
608020a8-16ce-405a-9a94-28fdd38fd5bc,2012-12-06T22:36:15,54.239.106/0001-71,7425,MENSAL,3862.67
18e2e17d-e4d6-482c-b332-c9c7a29004b5,2009-08-02T13:25:39,05.269.437/0001-49,2567,MENSAL,6736.46
f7f58776-dcc5-4874-bb58-2cfce362e599,1982-10-21T10:48:54,25.130.946/0001-01,8295,MENSAL,6915.72
322dd3b9-6907-43d0-93d4-71d1404a8f0c,1997-10-28T12:15:30,93.758.260/0001-01,9607,MENSAL,5708.68
1c580c94-8a0c-42de-b261-274e5c84c6c5,1981-04-29T21:39:52,17.295.804/0001-68,9705,MENSAL,9051.98
dfd93b80-afba-424e-b73e-76aabea26a4d,1995-06-10T07:16:16,36.219.580/0001-50,9395,MENSAL,19744.73
5e0c167a-6f72-4a12-814d-6197332ac333,2016-11-15T11:09:04,05.861.923/0001-51,1292,MENSAL,39330.12
046ba5b2-a9a4-4e97-bbfd-a1b44c233df1,2001-06-04T01:18:13,72.598.064/0001-47,7396,MENSAL,43.6
ded9d2e5-a89c-4a41-9890-a97c2e0b1bd4,1989-06-25T12:16:42,74.620.359/0001-06,6298,MENSAL,1902.06
146ebc7d-3c47-4775-b04c-b2355fab2ed3,1980-05-29T01:06:39,57.982.106/0001-55,8304,MENSAL,19369.03
ca22f1d5-51e4-4791-b952-e69df9746733,2022-11-26T16:58:27,92.805.674/0001-81,1079,MENSAL,16389.25
3c2f764b-40d5-4659-9e40-4d4f0ee60962,1973-05-26T21:53:20,85.179.263/0001-62,3558,MENSAL,19788.52
1104e56d-a9ce-4336-aeea-ca9e8e6df904,2001-09-01T18:04:29,69.175.084/0001-09,4314,MENSAL,2750.94
afa00ea3-161c-4f55-8fba-c40e710d2214,1971-05-01T03:52:58,18.450.396/0001-34,5590,MENSAL,6721.62
724fd89d-c787-4c7e-8dbd-b047d2c060f0,1977-06-19T18:55:12,14.372.865/0001-93,1441,MENSAL,8127.65
3ae7ff69-8a65-4fa2-8727-61a9ecaa28b6,1976-06-15T16:14:20,58.374.610/0001-35,9953,MENSAL,7843.5
525692f9-cf3a-461d-a0c9-f9eef38b53c0,1999-08-21T02:12:53,10.784.592/0001-33,6934,MENSAL,10573.11
0a3f2309-b2fb-445f-ba9b-438be037fcf1,1993-01-17T20:14:40,09.624.831/0001-09,7938,MENSAL,9120.84
2d9548c4-e884-4581-9b19-7ddf34d23643,2017-07-26T02:41:53,65.230.189/0001-54,3705,MENSAL,3432.46
893eddce-81f0-48ec-a9b2-330aa7865f06,2009-02-25T08:29:24,71.385.946/0001-61,8689,MENSAL,142.08
672f8dca-02a4-45be-b074-174d92e304bc,1995-12-11T08:08:01,41.328.750/0001-74,1711,MENSAL,3038.05
d7c39517-09e9-4a29-b3e4-2550ee975ae8,1996-08-20T19:18:39,62.493.075/0001-09,4047,MENSAL,6531.09
33baebd6-1297-4a32-af85-a90a2bcac27a,1990-09-05T04:06:35,16.287.543/0001-71,5685,MENSAL,5733.47
e78db17c-31cb-44b0-a213-023484f9e098,2013-07-25T00:08:36,02.674.358/0001-25,7632,MENSAL,13544.63
7cd90e5b-6af5-42cf-913f-54e5bb172d41,1980-06-12T22:21:22,89.246.513/0001-90,3030,MENSAL,3664.15
baeee315-0eb5-4f62-aded-f736a7e510e2,1984-07-19T10:00:09,70.216.853/0001-40,6953,MENSAL,18722.07
09e69fb0-b48e-485a-9c26-a1bb67d6252c,2016-02-23T17:37:46,74.208.196/0001-40,7709,MENSAL,2260.06
304fa15d-4d00-40ee-ada3-a0461b7b9a58,1974-01-25T01:48:38,78.342.109/0001-02,3972,MENSAL,7550.45
7d064653-f3ac-44fa-9e22-1237dd3b0671,2020-01-29T10:03:27,64.721.805/0001-07,1583,MENSAL,1140.37
fe867e69-4aa3-4693-a68a-75fa7f9405b6,1985-11-07T12:23:27,60.248.751/0001-53,2308,MENSAL,331.09
e89df6e7-125b-48fb-982c-ea73c3d51aa3,2005-07-10T07:07:47,84.569.207/0001-71,6344,MENSAL,1820.36
712f15f8-f23b-4926-aa80-0ba008fb4c67,2017-12-03T00:42:01,21.937.806/0001-80,8443,MENSAL,1769.94
16bb4faa-5a2b-4b53-bc3d-f0b2586c58cd,1990-12-14T09:16:54,47.583.091/0001-07,1093,MENSAL,7689.81
a8028e7a-1966-42e5-9671-1aadda29c5be,2020-07-31T09:29:09,80.391.457/0001-03,9744,MENSAL,504.84
3e66caae-679b-4efa-b249-d3b6b7d336b9,1987-12-06T07:01:03,58.241.096/0001-60,1033,MENSAL,1701.88
83e138ca-3cfd-4592-beab-b7c882b49a3a,2011-02-20T05:41:19,93.246.810/0001-03,8823,MENSAL,28672.29
fa5faec7-0152-42e8-bd56-0e3821175e9d,1991-11-22T21:22:59,45.197.263/0001-70,5369,MENSAL,1056.29
1e2f2c1e-f444-43a0-9ef0-17614612f2dd,1972-04-24T21:10:20,75.083.246/0001-73,9259,MENSAL,1827.87
ec6642dd-0db1-43f4-bcf6-ba591898d38b,2019-05-04T17:04:35,74.051.923/0001-09,4873,MENSAL,1431.85
bb9d5107-1031-47ac-9229-a9e3c1a2f77d,1995-04-10T03:42:11,92.547.806/0001-12,3083,MENSAL,4190.06
40b26861-789c-47f2-ac6d-013dd48f2866,2012-06-26T12:31:53,28.359.710/0001-21,5990,MENSAL,8550.26
96d05a5e-85ee-42d5-8e49-f579dd35c00b,1983-06-02T14:05:50,37.150.694/0001-53,2500,MENSAL,4751.74
c3569717-8a9c-4452-bebc-36dee965f0f6,1988-11-25T02:59:11,10.694.287/0001-50,8926,MENSAL,5534.99
23e8fe9c-d64d-43bf-aa68-f8738ef94019,1982-09-20T16:43:16,34.569.871/0001-42,2730,MENSAL,57.07
69635892-4531-408a-b90c-7741b75ef2d5,2001-07-27T11:11:35,89.617.530/0001-97,5392,MENSAL,2830.16
943cc365-0c7a-4343-afde-794a3e26a9ea,1975-12-02T05:41:04,52.174.689/0001-74,5611,MENSAL,4494.49
6dc2b0e4-3e09-4abf-9408-3be76555f282,2011-02-26T04:28:36,78.145.906/0001-91,4449,MENSAL,4825.28
934a1eae-ee71-4642-a813-2086277f434e,2022-08-11T22:20:45,76.498.325/0001-08,1901,MENSAL,5645.97
ef931899-4bad-4240-bc9a-34449d89eb19,1983-06-16T10:36:39,14.069.372/0001-89,7056,MENSAL,17717.63
0feeb059-9282-4c33-8301-13feebe027cd,2000-03-31T05:23:42,98.524.067/0001-20,4638,MENSAL,523.84
881134d9-f3b3-49eb-bcb7-08a7c47db63d,2000-01-06T17:28:14,35.209.714/0001-99,9309,MENSAL,3321.27
918cf283-e77c-4c9f-9aea-3cf1cdaca6ac,1996-10-02T00:11:21,15.387.249/0001-79,5240,MENSAL,4959.73
cdcd2cc1-5bf0-4264-b88a-eb880239dc2d,2021-03-02T22:22:53,94.513.286/0001-52,2310,MENSAL,38313.12
4878d1c6-a1bc-42df-be82-65e89d4b962a,1972-07-17T07:56:07,25.036.741/0001-53,6712,MENSAL,3532.32
e3f5e32a-2753-4102-8ca5-c0dae37182f9,1984-11-11T12:10:35,12.560.874/0001-82,1665,MENSAL,19490.06
abc9bfa1-8464-4583-b765-19c70539efa8,2003-04-23T15:38:55,54.726.031/0001-53,9818,MENSAL,15346.42
850129c5-76a0-4b5a-8d81-6b3e793bcdea,2012-05-16T02:52:30,62.918.704/0001-03,2058,MENSAL,4113.58
2b7d7c79-44cc-4c9c-8a1c-c6bb85117a1a,2002-02-17T16:59:40,39.571.260/0001-52,5573,MENSAL,13035.94
75d2dbc8-84f5-477b-acf9-2bf7467d6b6c,1999-03-04T11:42:26,47.692.031/0001-14,7903,MENSAL,1974.1
0747758a-7a96-4350-9005-b371134f02c8,1971-10-30T13:53:35,35.864.729/0001-90,5504,MENSAL,55.91
9f022579-1aa7-45ec-987a-fdb47ce03409,2003-03-31T12:44:07,31.457.098/0001-34,7448,MENSAL,15496.94
afafd775-6d39-40ef-b1ac-37c0ebf80def,2001-05-03T00:12:00,16.749.823/0001-54,6153,MENSAL,15327.24
dbc6bf03-871c-4d9d-8071-7a59b50c2157,1974-11-09T08:39:39,97.461.832/0001-47,4342,MENSAL,1677.54
6039764a-39e4-4bca-899a-24ade945c8af,1980-09-21T09:27:56,86.231.795/0001-64,5330,MENSAL,613.97
2ab0634e-c725-4e76-890b-23877371d9e5,1994-09-24T20:29:14,47.968.310/0001-68,1266,MENSAL,6873.71
7d7ee030-ea71-495b-85b0-e1b6166fb7f1,1979-03-18T10:05:50,14.957.206/0001-19,4632,MENSAL,9625.9
c76d8fe6-3729-4d19-bb6e-48faa82a3c19,1982-09-02T06:50:09,95.802.314/0001-14,7279,MENSAL,15428.42
b217132d-d580-434d-9920-ea6f544149d9,2013-06-13T14:20:32,76.239.548/0001-50,3431,MENSAL,1309.06
058f79b9-e41e-41e3-9312-d03ec695fafb,1976-07-26T04:07:13,04.815.693/0001-21,7252,MENSAL,996.99
b29cd689-7202-41d5-bed7-fe9fc9006499,2000-02-22T00:40:31,04.865.327/0001-87,6124,MENSAL,696.61
7f1033e9-3f8d-48bd-baf9-abcd933bd308,1997-10-02T13:06:38,78.432.190/0001-03,5430,MENSAL,2674.46
e5d2eca7-615d-46c1-b8eb-4f6858d3dd10,2007-09-15T14:29:52,12.953.748/0001-98,7548,MENSAL,6839.41
43976fca-69d4-474a-8f08-0bae90c73640,2007-10-06T16:50:07,69.541.037/0001-23,9510,MENSAL,17907.76
9694596b-e554-48c3-80e5-6099598f036a,1977-10-03T12:27:25,12.058.769/0001-40,3507,MENSAL,4651.22
a144cda6-593f-4a52-bcd1-9dedfae89380,1998-03-21T18:10:42,70.853.149/0001-07,1914,MENSAL,4649.22
e093dc03-d0b7-4045-bc95-973b5c2dc26b,2006-09-25T06:12:57,24.791.085/0001-31,1612,MENSAL,2211.35
1a7fa7f2-23bb-43ec-b79c-86a84871e83e,1976-12-15T10:38:21,37.482.605/0001-76,2759,MENSAL,3639.74
0eb21752-64ec-4d92-9870-03ce390377af,2004-04-28T22:24:55,09.713.582/0001-28,4431,MENSAL,15570.19
c094e16a-5551-4500-bb67-4b518ebecf7c,1985-08-16T22:26:07,53.196.402/0001-70,7975,MENSAL,4570.63
7ecdb6e8-3a3f-487a-960b-69a56bc22373,1999-11-27T09:54:22,70.482.591/0001-66,5774,MENSAL,1774.61
acb74e4f-5284-4a65-bc92-3236cf056ad0,1987-02-06T06:38:38,40.125.683/0001-28,4491,MENSAL,382.28
fd9c6509-89db-4475-9431-efce2326a94c,1973-03-01T10:56:12,03.918.572/0001-42,5875,MENSAL,4414.43
5a1b2edf-07c2-4a55-9bf6-dcd0a46bbd1f,1998-07-19T03:59:22,20.517.389/0001-54,6986,MENSAL,11212.83
77861a30-e87d-4383-8887-d8b734accd44,1978-10-01T18:25:35,27.148.069/0001-13,4038,MENSAL,7694.61
c0953abb-2655-466c-97a0-8ac633d8418c,2003-11-08T13:03:54,94.327.568/0001-65,8948,MENSAL,5857.83
a5fd1bcc-c3d3-4b0c-8182-260714f6efad,2005-03-24T20:16:26,80.367.521/0001-10,1521,MENSAL,5386.57
83f4b0da-5b81-4cfc-a6e0-042a5a309d2b,2021-03-24T07:31:45,53.476.208/0001-48,5411,MENSAL,935.5
0d1690aa-8edf-42f4-803f-088586fd2494,2018-11-25T02:48:07,08.469.513/0001-58,7676,MENSAL,7757.07
997e452a-f16f-4c47-a98e-4dfe519aff6c,1996-05-31T17:03:34,07.132.689/0001-57,5773,MENSAL,8236.2
6d8514c3-e033-4387-bc65-0c0254ea3911,2022-07-30T11:13:14,51.347.826/0001-62,1485,MENSAL,1146.61
5fe2ca3a-6e24-4048-b0aa-18601b48c3b2,2015-09-10T13:32:59,71.398.406/0001-12,4230,MENSAL,193.13
52f5f26c-7a0a-4815-9322-158165ab62c6,2014-05-14T01:23:36,78.305.492/0001-10,2108,MENSAL,6578.97
61df70fd-ffc0-44ea-8313-d742cc7b82f6,1997-12-18T01:19:00,29.350.178/0001-44,6012,MENSAL,1198.06
21bb5034-cfd7-480c-b788-734a44f8528e,2011-08-27T09:24:50,23.105.746/0001-65,7394,MENSAL,4684.03
5c593e26-9891-434b-9c63-9af0aadb86ea,2003-02-23T09:53:21,67.431.589/0001-53,4314,MENSAL,2914.09
bed9cfa9-ec6a-4a0e-a1ed-525c0812cfe2,2023-03-02T17:55:11,08.396.274/0001-53,4382,MENSAL,17261.8
7bb61712-d018-41e0-b4cf-546592c4eaa6,1994-09-09T06:32:07,72.638.459/0001-26,5812,MENSAL,1403.53
74c7c287-7161-43dc-a024-081a80fd1f4d,1992-09-09T14:54:10,48.921.365/0001-85,6111,MENSAL,13330.59
574afef6-1322-4129-b76c-69bc27dd6ac4,1970-07-05T15:43:58,65.374.920/0001-15,4551,MENSAL,14946.03
1dfc0858-ba4c-46fa-973e-3a626420c83d,1972-02-11T16:52:26,23.468.170/0001-09,5037,MENSAL,3640.21
316d3ea4-2cd7-4a27-b8af-1b3fb1a74b83,1986-01-28T11:01:56,39.687.241/0001-96,2210,MENSAL,2813.29
89df4f4e-2c00-4eff-ab31-da5b7f1ddef6,1994-02-11T09:48:14,19.675.403/0001-69,2727,MENSAL,17258.93
bdfd4733-eaf6-4154-81d4-547dc0d174d7,2017-07-24T06:27:49,38.075.916/0001-83,2262,MENSAL,4193.52
969463ec-e820-4ee0-b132-b82a8c3531b0,1993-03-11T09:30:25,50.823.714/0001-78,3175,MENSAL,19483.87
38df2566-2874-4112-a0a8-84661e538ef6,1983-05-31T15:20:56,76.809.251/0001-83,6223,MENSAL,115.62
639df0c7-924a-4997-b1f8-3dbc848ac792,1976-08-28T11:07:00,89.041.236/0001-80,3610,MENSAL,4618.96
62e026a4-5a09-4878-b140-d602ad6b6864,2013-04-10T16:21:10,70.156.492/0001-94,2645,MENSAL,2180.35
63454051-ba0c-45fc-83d8-f7f5bc981473,2022-12-02T21:16:54,60.435.891/0001-30,5382,MENSAL,3679.36
23fb914a-e9d8-47e8-8cdc-4417915b2822,1996-11-01T18:37:53,70.625.193/0001-51,1541,MENSAL,3399.02
6deb8423-f84c-4f02-bd54-a0177e561133,2019-01-16T20:45:59,34.760.852/0001-07,8250,MENSAL,4668.98
300c70ad-144b-4d9a-8136-f1358658084f,1971-08-03T17:11:20,05.364.987/0001-47,6850,MENSAL,3193.13
e989c862-1bdd-4db3-8388-15bb7e0970ac,1990-12-30T14:40:15,09.257.846/0001-86,6397,MENSAL,6606.97
9a1462ab-7c0d-4259-9db3-6b4a39cb2d8d,2023-08-27T23:40:36,48.326.751/0001-29,9609,MENSAL,26668.21
3f372ec8-0fc4-40cf-81de-68b6972eeaf0,2009-10-16T05:51:50,14.768.935/0001-27,7886,MENSAL,1711.63
8f52028c-e071-4057-a99e-f231ef54a0e7,1992-09-08T11:51:58,47.328.510/0001-56,5948,MENSAL,18718.78
60095c36-8d3e-44ca-91f9-c2e0f331ff40,1978-08-09T19:53:22,50.794.136/0001-99,4942,MENSAL,9826.26
01fa97e4-5d2e-452e-ac5a-33df124aa736,2010-09-12T23:38:00,65.813.740/0001-92,9865,MENSAL,8571.81
698c3151-dcc3-4890-b8c0-a530a57bbe2c,1982-09-21T17:50:17,38.750.492/0001-05,5662,MENSAL,4279.4
511abd7e-b921-47bc-9fc2-7427bd8eb295,2023-10-14T04:24:33,74.806.129/0001-28,8710,MENSAL,18185.73
b6676c79-fe24-49e5-94d1-0408d7efd908,1997-08-13T21:44:31,84.906.257/0001-05,1829,MENSAL,11875.11
96c8ee8c-2902-42dc-838d-534e0983b099,1980-07-19T23:06:52,14.705.932/0001-44,1996,MENSAL,9553.5
0a409779-2d50-48e5-90d5-2386c2b3740c,1979-10-02T12:30:01,91.786.302/0001-92,6181,MENSAL,39932.92
d1509705-24d1-44bb-a5a2-da9ab04bd299,1991-10-06T17:24:51,63.270.541/0001-50,2701,MENSAL,4995.99
8f1b4765-5c63-45a0-a49f-72801d32f004,1991-05-21T05:57:09,36.094.712/0001-64,7482,MENSAL,46.51
82bbb07c-665c-4d31-bbfc-1d95761564f2,1980-09-29T21:35:45,63.952.140/0001-80,1721,MENSAL,17898.71
a3dcc863-4f8f-4a39-a44d-ba1def8aae0a,1995-03-28T01:41:21,51.394.028/0001-91,4618,MENSAL,523.84
a4b38f8c-60b2-411f-9bff-cd8c66870c1d,1976-09-14T07:34:44,62.051.497/0001-24,7163,MENSAL,10459.54
8c0d94aa-9a5f-4001-8361-91eccdb67f84,1983-12-08T12:13:40,10.956.782/0001-90,3570,MENSAL,13198.21
b4ee2bd6-79d8-4aac-a1bd-dc793668da9f,2014-10-29T03:06:16,27.409.138/0001-03,1199,MENSAL,10043.28
8643a938-11dd-43cd-a14b-cdf4a2f379e4,2004-02-23T12:39:14,36.529.074/0001-67,7817,MENSAL,5070.53
2cb511fb-22b1-4e7b-80fb-b2bd0509849d,2019-07-13T18:32:48,20.834.691/0001-36,4980,MENSAL,400.23
15d323f6-24dc-4c88-b99f-00b585c85b10,1979-06-13T16:26:33,79.063.841/0001-06,6076,MENSAL,1256.13
abbae278-8564-48dd-b269-b78763687ed5,1974-11-12T09:30:46,23.760.859/0001-02,2037,MENSAL,10448.34
17efe3fc-6017-4397-a5b3-dd099eb3b8a3,1996-07-24T02:51:12,57.928.610/0001-77,4047,MENSAL,3434.34
46b6fdb3-92db-45d2-b522-c272b4e87fc2,1999-11-19T20:03:07,56.789.042/0001-08,5414,MENSAL,11796.96
606886dd-7412-4cd5-8508-8145dda0efb3,1974-06-01T01:57:05,12.809.457/0001-20,1039,MENSAL,1649.97
7ddea6ca-6d0a-4c9d-b05a-476b0b9c0463,2013-02-03T06:24:19,81.326.509/0001-20,7228,MENSAL,1708.88
6a8595a5-61a1-4da1-9ada-2b1416bb9eb4,2023-11-12T01:25:17,54.602.178/0001-31,7735,MENSAL,16277.28
ff3ccbb0-30d0-4bbd-8359-4f70983c231d,1972-10-10T20:22:05,51.786.492/0001-23,1790,MENSAL,18662.53
91eda2f8-75a3-41b9-87fc-ebb92cf9bc5f,1983-10-16T06:56:45,50.413.862/0001-14,8663,MENSAL,15532.49
70cc286a-8778-440d-9912-b6eb39fa8c17,1987-04-17T21:25:30,91.206.438/0001-86,8257,MENSAL,16374.82
0ec884a7-5ec8-4d13-bd22-db84f31f7ecd,1976-10-12T16:02:54,72.491.085/0001-69,1286,MENSAL,6313.7
24d29a1a-0dfd-4077-8c9d-8bdf8d03d513,2021-07-29T11:04:30,67.453.819/0001-85,2009,MENSAL,48.89
651feed2-9965-4749-9e86-dfa5b1f62911,2002-01-24T14:30:28,50.248.379/0001-21,9678,MENSAL,1117.58
b1e5ddfb-79c6-4a39-a03b-c5ef708cd940,2009-09-12T04:50:49,68.759.420/0001-90,3143,MENSAL,19229.87
2cf7bac6-9337-4326-8bc1-a165f1ed1bf6,1998-01-03T14:48:05,84.291.706/0001-40,2511,MENSAL,4677.62
5094079a-9d4d-4c87-8bcf-4fa4141c8e61,1979-08-20T19:28:22,81.572.930/0001-11,5849,MENSAL,4401.69
c756ccc4-22f4-445b-bd97-e50d2eb3dc80,2018-11-23T20:09:17,92.178.360/0001-04,6621,MENSAL,2206.27
0d9434df-2b5e-455e-9714-ecb55d8bbd0e,2017-12-12T13:47:38,34.168.029/0001-07,2583,MENSAL,1648.85
51f0232d-93df-46dd-af5d-dba015e3ec13,2018-10-19T05:05:10,08.365.724/0001-40,4133,MENSAL,449.27
157f3827-3c48-428f-bf09-a63c562dea94,1993-06-25T04:18:31,30.195.682/0001-04,3052,MENSAL,10654.64
1b33ae4e-caad-4d32-95e8-a33bb6c6d1da,2002-07-24T13:44:18,47.213.865/0001-08,3797,MENSAL,84.67
f36b00e5-c51f-45c2-893d-319803f79789,2024-04-30T02:28:40,35.064.128/0001-01,2829,MENSAL,1052.27
51321d4e-5a2c-47ab-bb52-12b362a585de,1996-05-17T12:58:40,27.306.458/0001-20,6322,MENSAL,902.79
bc8099ac-e3c0-420c-93d5-c1118caefb8e,2022-01-06T10:55:45,34.589.612/0001-83,8003,MENSAL,9692.47
9f179602-f297-48a8-a958-ce65e8026cc9,2005-07-02T17:02:34,02.395.641/0001-18,5329,MENSAL,46770.32
7f258f16-0056-4044-b206-b541ac383df7,2017-09-18T05:24:26,74.520.139/0001-00,3787,MENSAL,1717.51
9ada00a8-7e52-4cc3-8d84-93989ec40e4d,2012-11-06T16:51:51,91.524.368/0001-04,2093,MENSAL,782.66
84f997c0-cd84-4115-81db-428cbe1e3351,1989-08-16T21:01:52,98.306.472/0001-71,8907,MENSAL,9933.97
949cf916-fdeb-48bc-ab3a-7841b78300e3,1997-11-25T10:42:09,02.679.153/0001-32,1503,MENSAL,4275.11
9e36d74c-b113-4002-b71f-3556f0cec98a,1984-04-25T05:11:22,10.462.579/0001-68,8985,MENSAL,3121.22
a3ff3df0-a653-4cd6-8ce9-61014170c613,1983-07-21T16:50:58,42.719.653/0001-75,5764,MENSAL,3052.83
1df40fde-1a7a-4319-ba4d-f1e3a099b844,1974-05-03T13:51:15,01.568.439/0001-88,2218,MENSAL,7439.56
e2976c92-dc58-41ee-be73-eb5cd23aa1e1,1996-06-06T02:37:49,10.342.879/0001-03,7956,MENSAL,2656.48
8880b647-9ea4-492b-ab14-240901644d49,2011-06-23T14:47:19,21.867.935/0001-40,6723,MENSAL,2814.89
9be2a729-1d72-4ce3-b0f4-c88b4689025e,1993-01-05T12:54:49,06.724.395/0001-51,9369,MENSAL,4771.45
c500c3cc-dc87-409f-960e-078787ae33ed,2021-05-30T18:37:50,87.639.250/0001-54,5064,MENSAL,9423.62
f0c514cf-cc9e-4e42-b5a8-2ae3128042cf,2023-03-27T13:02:24,19.264.805/0001-70,3733,MENSAL,7828.58
24103423-c68b-47c0-96e0-c4a319d88d71,2017-05-20T19:40:48,90.742.351/0001-60,1671,MENSAL,1098.72
afe824e8-d572-47ee-803a-ab7868e7f92d,1994-06-16T01:03:12,34.580.621/0001-03,6747,MENSAL,12561.07
3724f4d1-b136-4d00-9e62-f6e8fbd391a4,2003-10-07T20:31:48,95.831.640/0001-50,6914,MENSAL,4844.01
54af48da-5d98-464c-a6c9-0f475187dfa6,1970-01-20T02:19:17,14.097.536/0001-81,5269,MENSAL,11.29
6d3178f1-1775-49d0-a232-0a3d3edab4ff,1999-08-10T07:07:59,17.843.925/0001-05,6478,MENSAL,543.43
95ded7b9-eefb-47d1-96f7-55d661500be0,1975-07-20T09:43:08,06.234.891/0001-27,7134,MENSAL,6020.91
05650c9e-4eec-430e-baa1-cbcd0cc5c2f2,2017-07-24T11:45:59,14.059.672/0001-87,3791,MENSAL,1085.85
b525991d-a149-494c-9f66-af0a590f864b,1998-06-13T21:47:27,14.798.605/0001-84,4541,MENSAL,4339.98
0467d1aa-aacd-4c3f-9ece-393e801c86a4,2006-02-26T13:55:50,45.108.362/0001-39,8202,MENSAL,1504.4
b693c817-ce69-47a6-a1c2-7a2358afbc2a,2012-02-26T13:10:13,18.975.340/0001-01,7447,MENSAL,4193.68
291f996b-57cd-4159-b834-a426974b70e5,2002-11-28T10:17:08,07.391.825/0001-23,3519,MENSAL,6972.61
b00dcb8c-cd95-456b-bac5-5b767cbc9552,2012-07-10T09:04:23,87.246.359/0001-21,6231,MENSAL,5556.14
da8fee64-c12b-4800-8256-618963707c3a,1975-08-11T14:42:40,37.019.648/0001-10,6907,MENSAL,1266.14
80f160c9-e5f1-4039-8126-d48523cdc78b,2012-04-12T15:41:16,05.179.482/0001-02,7946,MENSAL,7136.08
e8d8c677-c5d8-4fa8-9190-d5b0a6c48b1f,1978-12-30T17:43:55,15.982.603/0001-03,3058,MENSAL,2907.69
653c3940-ca42-4755-b742-d052763222ba,2022-08-12T08:57:31,56.832.947/0001-13,7421,MENSAL,18994.36
3b57e464-6a84-4b88-88a4-1c62ea3ca499,2008-03-02T07:56:16,78.102.563/0001-88,2524,MENSAL,16380.94
63d5a416-4107-4dee-815e-d78f9c96c32b,2013-08-10T20:25:46,16.320.897/0001-70,5778,MENSAL,4735.34
7fc6db21-b831-4305-860b-6cbfde804f91,1990-10-28T02:19:06,28.907.541/0001-17,6651,MENSAL,16662.75
2355e16e-c567-4865-ba31-e34d970b3214,1997-10-10T18:38:17,71.586.029/0001-45,9830,MENSAL,2724.21
2e64d9ee-eecd-4a54-bba4-2cd4d6bd828d,1984-03-31T12:28:22,94.250.783/0001-05,1258,MENSAL,1238.85
01bae9cd-207f-42fc-b21d-d3087f7795b1,2011-05-11T02:48:11,29.035.714/0001-17,1108,MENSAL,46009.97
4cfea77e-4cfd-4cf7-b1e7-433f15753bb9,1974-12-31T18:41:18,35.967.204/0001-80,8448,MENSAL,2703.63
cf26940c-3284-42da-98c0-c5b13353b91c,1993-03-18T18:36:15,70.581.924/0001-04,1851,MENSAL,20857.64
6d926642-ef14-4788-91d3-5f5d05b73048,1974-11-23T07:39:41,97.632.581/0001-16,2771,MENSAL,17878.6
18ec97c3-ee8d-4696-9bf4-fc18cebb8905,1981-01-24T01:55:47,30.476.582/0001-48,5891,MENSAL,2703.78
fbd9b8f9-d63c-4096-9b47-ac76651ee91b,2017-08-06T10:39:58,24.738.106/0001-55,2939,MENSAL,971.53
7c8da89c-15f4-4e77-8730-79a073fc2b71,2019-07-13T22:39:20,84.936.502/0001-19,6638,MENSAL,1961.9
e957b5b7-7a51-4f07-b758-228ab728f085,2020-09-20T23:10:17,35.672.084/0001-94,3232,MENSAL,6657.54
92ad9937-d122-4c56-b422-ed20413b5696,2004-01-06T00:31:22,47.258.609/0001-29,5569,MENSAL,2193.71
f4b85b4a-058a-46ee-bc51-dc8e4e3ca98c,1984-04-19T09:44:27,62.498.175/0001-28,2212,MENSAL,9248.71
8ad3f033-667c-4528-8570-ff84f81872d5,2001-04-27T08:49:05,78.451.093/0001-68,8208,MENSAL,2758.76
72f0f7da-fa12-4491-bb5d-87e1adabe9a1,1973-09-22T04:20:43,46.750.321/0001-04,7519,MENSAL,8553.24
9a5f4260-4556-4fe0-9dc6-409c308b33d2,2001-01-14T05:32:44,74.296.853/0001-59,4239,MENSAL,7415.21
4584be2e-4228-4062-a08a-8a8318f4fe97,2010-11-29T20:01:41,76.214.890/0001-04,2294,MENSAL,6480.24
67f53c81-4753-4d15-b063-e130f1f8b7f7,2000-04-18T13:29:42,24.017.985/0001-26,3834,MENSAL,352.88
fe48b381-6646-4ffc-9d39-1cdb760a7b72,2012-02-05T07:46:58,53.817.024/0001-02,8065,MENSAL,676.9
e10dab0d-ac97-4914-9c19-4610a7a5a85e,2003-02-12T16:39:06,49.018.537/0001-78,7746,MENSAL,17802.97
1108bea3-ae85-4bf8-bdc0-94667d0e342b,1999-11-01T12:34:21,76.109.583/0001-55,7333,MENSAL,15035.62
2ee06f74-c940-40b0-8a42-605a8a7bbbc3,1981-01-27T07:32:57,37.162.405/0001-36,4844,MENSAL,4609.77
e9819bf4-43d8-4cc2-b76a-2d0bf48a0a44,2022-01-19T21:40:59,36.578.019/0001-67,9422,MENSAL,1050.67
5cc1058d-4a9d-4140-9060-f671e63c0726,1993-04-16T07:18:25,90.513.478/0001-08,7648,MENSAL,3546.07
80a1f513-082c-49d4-af58-05c2e5559003,2010-02-25T22:31:03,03.761.498/0001-01,4042,MENSAL,4853.04
2eac2de4-1273-4293-90af-8922a4faaf9d,2015-03-04T05:14:47,74.916.802/0001-82,9552,MENSAL,5907.78
257d9d1e-91b2-4be3-9ec2-244c8bd9bc08,1989-03-31T20:34:01,94.630.715/0001-71,2625,MENSAL,6381.1
3c3f8f66-14c7-40d8-9335-5f9e7f08b6d1,1999-06-21T00:48:52,82.354.706/0001-16,5282,MENSAL,5876.25
6f3aea28-bf12-4437-b3c6-6b3f6c1152fc,2020-12-10T14:22:13,06.415.897/0001-09,2752,MENSAL,4712.27
77fce48f-c4bc-4e5c-8265-14e28994e4c4,2009-07-15T02:00:26,18.743.920/0001-65,1782,MENSAL,1579.93
265e1adf-b21b-42eb-a7d7-0ec12ac8811c,2024-02-05T04:27:51,87.102.349/0001-12,9315,MENSAL,4648.12
32ad0685-7c41-440e-82f8-789b89de9b4e,2019-05-18T18:06:54,71.594.680/0001-67,2480,MENSAL,6675.13
13e083a0-51ad-4bb4-9225-750043ea2ae9,2008-01-24T15:50:13,26.103.784/0001-77,7411,MENSAL,4169.97
a82bfef2-5c24-4866-8358-5c2d13a12afb,1980-10-24T07:03:27,60.873.952/0001-41,5777,MENSAL,3523.99
cbbbf90b-24e9-488d-9b4a-d8f9c3d1c551,1979-08-08T20:59:38,75.802.436/0001-01,2864,MENSAL,4190.53
1f8f2e09-d8eb-4054-90aa-588b485e072c,1989-12-16T05:23:13,51.896.704/0001-25,2739,MENSAL,1710.47
74a6cffa-6e81-4920-9432-b46113cabfca,2005-07-15T21:09:51,45.870.321/0001-85,4507,MENSAL,885.38
13a1b9c8-b0a8-47dd-bb81-61f30613137f,1972-08-12T08:07:09,52.706.948/0001-60,2065,MENSAL,14236.33
2ed59405-92cb-4b6d-b170-54870c28f61a,1994-08-05T19:36:08,86.197.503/0001-14,2227,MENSAL,8764.42
c65b0051-1010-473d-a82a-62673e84adc9,1973-09-14T11:31:48,94.372.805/0001-00,7982,MENSAL,694.66
261c1030-ff7f-4850-9de7-9fa35a74cee6,1978-03-21T02:21:07,79.340.628/0001-96,8508,MENSAL,4609.79
6cbbfef3-aab9-4706-b795-6fd9935e600a,2024-11-10T02:26:34,56.234.789/0001-08,3547,MENSAL,2629.9
505a8597-d8d5-4475-95b9-fe5bf44d7e3f,2006-03-05T12:32:38,95.134.270/0001-00,6411,MENSAL,11058.85
6f365dfe-6ab5-4884-aa64-10a7b61323a6,1997-12-15T00:34:01,48.702.391/0001-12,5872,MENSAL,3490.89
c1d10dcb-adb2-4bd7-9743-38e61e4318df,2005-02-07T06:35:47,45.082.671/0001-87,4896,MENSAL,885.12
7635407e-2dee-44a7-ac7c-9f29ac164341,2000-08-17T14:31:58,72.549.130/0001-99,5430,MENSAL,3934.7
3d1ca45d-71d5-4f5d-a6ca-06602f1f2b2a,1998-04-02T11:08:20,60.312.894/0001-87,5110,MENSAL,1840.47
bdced403-038e-4570-9bb1-12332cc96490,2009-12-24T10:18:40,65.290.841/0001-26,6893,MENSAL,12321.91
363413d4-a17e-43b0-bc1d-358d57977239,2006-03-04T18:08:38,68.754.092/0001-39,9700,MENSAL,1583.32
ce5a2d5f-2818-42e5-bbe7-0fcb79566e1a,1995-10-23T09:32:40,76.421.098/0001-12,9130,MENSAL,16698.92
a7f23fc8-0b8a-42cf-90b7-93ecc70371d1,1999-12-18T13:00:27,46.891.072/0001-77,8933,MENSAL,18499.83
725afcad-813c-44f7-9e77-36265691216a,2019-03-05T19:53:08,93.120.856/0001-81,9301,MENSAL,3171.07
7a241737-daad-4e10-bfb5-af3327fc3308,1992-06-07T02:26:33,48.903.675/0001-77,9078,MENSAL,9564.34
053dc29a-59db-46ae-8f05-6495d1208962,2021-11-17T17:25:16,86.742.359/0001-50,9117,MENSAL,2806.9
81db6513-17d7-4628-bdb9-0ef55ffc6c73,1971-01-11T09:50:39,65.849.130/0001-49,1685,MENSAL,8168.79
c6d0a6ad-3b29-427d-99f5-d60dd04ce761,1981-03-15T13:22:21,25.604.819/0001-99,8415,MENSAL,7798.13
1e2e2560-e2aa-497e-9fa0-2fe72fa9db9c,1982-08-14T18:41:30,23.681.094/0001-07,7301,MENSAL,16785.55
eccc3460-e768-40d1-b7b5-b7ccb05ed5c1,1975-04-14T18:34:25,72.150.468/0001-73,5999,MENSAL,4683.31
23783b0a-472b-46c6-b16d-7a950a7d92f6,1992-01-01T11:23:42,24.801.735/0001-82,4096,MENSAL,26525.83
1ce5b336-373b-4d86-bbcc-5d15caf72430,1980-07-03T13:31:57,94.056.238/0001-82,8632,MENSAL,3203.49
6199ffd9-8d42-4555-a0c7-8f405fb7eac7,1973-05-29T15:02:20,02.756.184/0001-40,4972,MENSAL,2537.95
a5b88195-10a7-44f6-9aa0-92521766fc4d,1983-01-09T12:52:04,04.823.195/0001-20,4270,MENSAL,18167.53
145a4ab0-0ac9-44be-a10e-b3af1fe00cd7,2015-06-26T03:24:32,71.805.492/0001-30,9142,MENSAL,2192.6
8328efa9-d87a-4875-9fc6-bd45730d6aba,2000-06-22T11:43:10,83.104.257/0001-10,9147,MENSAL,3664.93
9ff1f276-2931-48f7-a531-a6ce0a60a2f4,2011-03-31T17:13:05,23.561.789/0001-55,3594,MENSAL,3467.84
27c2641b-40ca-48da-88f1-791ba1b6306c,2018-04-28T04:00:31,68.054.392/0001-05,4883,MENSAL,4742.55
f90fdef1-bc53-4b40-8930-b70ddec23f4a,2009-01-24T15:48:29,90.736.524/0001-38,7175,MENSAL,10495.92
ce41f274-ad0e-447f-b69b-6239627bca17,2015-09-22T18:41:52,52.817.643/0001-26,9771,MENSAL,4972.47
ee1b7c62-fba9-40ab-a8ef-8e1b0f620fe3,1988-09-24T13:04:35,73.840.651/0001-63,9375,MENSAL,32320.56
7c329bac-853d-4b5c-9bf7-8c490f28c41b,2018-03-07T10:20:33,68.521.739/0001-82,6795,MENSAL,1255.46
601c7451-f240-46e8-8c4f-6bb2e47c8fb3,1992-07-24T21:34:54,52.319.648/0001-29,4709,MENSAL,7231.53
b1443af8-78e3-4517-a6fa-62261499ec39,2000-12-19T02:21:36,21.459.086/0001-95,4029,MENSAL,14307.84
f4c1dfcb-3abd-4598-a11b-ff240e70647b,2003-09-25T03:45:04,67.089.143/0001-92,5577,MENSAL,4117.67
ee680907-6161-4647-a438-35f1c7bcf97d,2010-12-18T07:51:17,91.274.038/0001-08,1311,MENSAL,146.46
8a99a561-d782-4bb5-8b36-26794ab1d5c3,1998-08-23T05:19:37,98.765.431/0001-43,6284,MENSAL,4985.95
33ad350b-025a-435f-8ece-fcbcfbfac322,1998-06-27T18:36:09,31.057.496/0001-63,8047,MENSAL,1011.93
6a1f7247-7c2b-4e66-a1e8-f2843133672a,2010-04-15T02:51:07,54.627.039/0001-62,7792,MENSAL,121.17
26d14a85-5fa9-4eac-a835-7d491190fc03,1984-06-03T20:27:40,42.906.853/0001-37,8253,MENSAL,266.0
24002c17-d484-4062-8ebc-cb5211c83691,2009-06-23T12:57:44,43.528.016/0001-84,5702,MENSAL,3048.58
45705eab-214a-4d10-9d5d-bf9db53446b6,2004-11-01T07:11:23,43.527.918/0001-04,5634,MENSAL,4711.86
d0981860-244d-4343-8e11-b5f5bced31c9,2021-08-19T08:43:12,85.160.934/0001-43,3352,MENSAL,4365.89
afac8389-10e2-4eb4-8688-6e57cb0ef415,1999-10-15T11:49:42,14.320.695/0001-01,7961,MENSAL,3468.29
9b89810a-a739-4d66-9214-bcfa3f1d1775,2004-09-30T06:32:05,52.193.874/0001-06,4679,MENSAL,906.64
a0f63fdc-70e8-4a29-92fb-2047df029cf0,1996-06-28T13:17:52,39.456.817/0001-04,4541,MENSAL,1907.03
d2429547-6f78-423c-939b-09202ab79071,1974-01-07T23:16:59,95.210.487/0001-43,8680,MENSAL,1836.27
ed5a602a-0f8c-4bda-b5bd-b15d0177bdc4,1970-01-03T20:18:05,51.460.832/0001-21,5991,MENSAL,19035.07
772d43c4-2387-4ea8-a78f-c51df8dd5d58,2008-05-27T19:46:49,79.508.216/0001-12,7326,MENSAL,288.95
72617650-f8e7-4256-9d22-75856229e318,2019-09-24T17:22:43,10.236.479/0001-13,7215,MENSAL,6661.86
5fb2335c-c74a-4d29-a6cc-2fa73d34a8cd,2000-01-24T14:53:14,50.368.197/0001-94,9702,MENSAL,3409.7
105a9255-f629-4ee7-b469-34daa9792fe8,1998-05-31T23:14:44,03.164.597/0001-06,2873,MENSAL,8696.48
ae317017-9b12-4d83-a9b8-bfb44ae3ef64,2005-04-21T15:22:06,57.348.926/0001-90,5882,MENSAL,12340.21
7b8371a7-54c9-4755-a574-1a31e1753001,1982-05-19T09:44:52,31.580.967/0001-13,9097,MENSAL,3409.95
90adb0c1-00cb-4b65-9613-b25d2ccbf2e3,2016-06-25T21:39:41,37.201.695/0001-80,9034,MENSAL,12952.5
e7603538-de2a-4c9d-9be1-a53381b6ea50,1973-07-20T00:49:47,38.516.904/0001-47,4077,MENSAL,242.1
03d466db-07ee-4030-aac0-25a1d9dd7f8a,1973-03-07T02:19:07,53.216.709/0001-95,1131,MENSAL,9278.28
2011b68b-f044-43c3-a595-5e31e67268ed,1984-09-17T16:36:45,87.620.543/0001-90,4324,MENSAL,5237.96
785e17be-046c-459a-9f8d-87229871f1df,2016-12-20T09:24:22,14.083.759/0001-90,8948,MENSAL,1404.23
a2933e70-f128-466d-a3c7-8269a2cbdd04,2005-11-02T06:33:42,87.624.531/0001-33,2134,MENSAL,718.42
b7eef35f-e1c4-4139-94fc-0e9fc92f8810,1985-08-18T23:25:06,14.358.697/0001-81,8949,MENSAL,9559.19
b6a86bd1-b1aa-4ac4-a642-8969470a571e,2007-08-13T05:12:40,84.053.691/0001-81,1796,MENSAL,2243.48
7c8955d8-8a4f-4011-b37e-f5ce320b6269,1977-05-19T01:15:33,78.039.645/0001-25,4488,MENSAL,209.42
f72b35d9-b959-46d4-a9d3-5ad7451b2d7c,2022-04-07T19:48:20,36.710.458/0001-81,5950,MENSAL,27878.46
bb39e7b9-30a4-4b59-b146-af9581bf618f,1989-05-01T14:04:37,54.718.603/0001-52,8737,MENSAL,6978.92
f8320ba8-0d0b-44d9-814b-8fbf356dd98d,2007-03-23T16:31:59,86.120.547/0001-46,7821,MENSAL,632.48
23e39a3e-4791-408f-8642-9f32671f4a7b,1978-08-20T18:04:38,92.673.480/0001-70,4999,MENSAL,1150.94
5beb1548-70d6-4c26-a726-fd8525da1106,1980-08-17T00:12:10,48.651.723/0001-87,3272,MENSAL,2313.33
729f2433-8eb4-4828-9cbe-6f5490b788b3,1991-02-04T14:07:30,07.359.821/0001-68,8129,MENSAL,8412.97
09c91a65-c5ff-4f81-a4ec-27dae13e6ac7,1992-07-26T16:40:45,64.528.709/0001-47,6636,MENSAL,526.28
cba8cab6-4fd2-474f-90bb-1b97e8dac36a,1973-04-05T19:09:55,36.578.021/0001-36,8766,MENSAL,4827.15
822717f2-06bb-4b7b-bf2d-5d3b61006d98,2013-05-22T08:17:46,62.470.159/0001-27,6012,MENSAL,3558.51
292dca42-a506-4ae0-8146-a2ff6eb9b30c,1974-08-11T01:46:33,78.401.692/0001-77,3304,MENSAL,4853.74
be6138d1-22c4-4da8-8286-be3aad2bcc88,2019-06-05T18:06:39,49.215.703/0001-26,9256,MENSAL,961.89
07142070-34a6-40c6-a4c0-c7cbe7bd44c6,1982-05-26T15:56:59,91.764.238/0001-49,9554,MENSAL,19165.22
abb69073-5bea-47e3-806d-dd5ed58cf55d,1991-01-28T00:08:09,60.142.387/0001-42,5348,MENSAL,7362.06
b3e29b9d-af5a-4605-80ad-31fce62f9063,1999-11-25T06:42:51,86.193.275/0001-04,5758,MENSAL,879.7
dd18be99-1fac-4032-8364-f823eace4963,2022-02-10T00:14:08,87.423.095/0001-34,9600,MENSAL,2846.44
d0af6ae7-add2-425c-abdc-99b74b76242c,2016-11-26T06:40:27,39.801.527/0001-50,2659,MENSAL,2333.02
8fa7bcdd-f5cc-427f-add4-8b20b3cec8f4,1983-04-24T04:38:11,86.573.209/0001-60,5281,MENSAL,48119.13
243f66bb-f74e-4295-b1fa-b54fa9264650,1987-03-20T22:54:51,42.750.316/0001-40,1727,MENSAL,3559.8
aea00f22-a64b-44d9-b96d-d6f4e0667067,2006-12-17T03:27:00,18.730.259/0001-53,9954,MENSAL,7150.84
fb843e85-e941-409e-838e-00127e06603c,1998-05-12T06:15:28,70.893.462/0001-60,1350,MENSAL,5692.13
84dd8dc2-d7b3-45a3-9f90-896b02682b29,1995-11-08T10:07:13,54.293.816/0001-80,7711,MENSAL,315.07
94cf2771-4937-445d-9a80-037a14bc11ae,2023-12-22T23:49:11,40.638.275/0001-70,1891,MENSAL,2509.31
f88d5355-699a-4898-9edc-a581849c1ce7,1975-08-09T06:51:58,73.491.852/0001-00,6509,MENSAL,3462.69
74de8f28-23e2-4146-8b18-05fc583ba689,1981-04-22T13:28:04,57.186.093/0001-08,5697,MENSAL,5035.97
2428e9d6-0dde-4996-bb40-aed93fc73e18,1973-06-21T21:23:31,13.286.794/0001-43,6577,MENSAL,2697.2
cea076b2-ce4d-4cee-90f4-df2ad73d2a26,1998-10-25T10:21:12,49.105.673/0001-03,2811,MENSAL,7534.04
9c8ead90-cbc8-4ee2-a8dd-e9b6c8b04aa1,2014-11-10T23:35:46,45.197.268/0001-01,3196,MENSAL,4717.26
1dfff646-e241-41ac-baf5-df71752af603,2005-07-06T17:42:35,65.891.307/0001-75,4843,MENSAL,15399.2
5c50311e-3a90-424a-a17e-17c2263ba60f,1993-11-27T11:35:33,19.623.804/0001-75,9324,MENSAL,327.36
a5c85bf9-d732-4800-b940-d737793f0f65,2002-09-24T10:23:08,53.469.072/0001-49,7143,MENSAL,1814.95
34240e80-8bad-496f-ab27-41d74becb678,2009-07-07T17:27:55,76.394.218/0001-30,5600,MENSAL,2868.87
94037b5f-a312-455f-8e02-81febcc1beb6,1981-08-23T16:26:59,71.238.645/0001-05,4281,MENSAL,5860.05
32faf25b-cce9-46f9-9bc2-facc27a2b18d,2006-09-28T20:12:06,70.531.964/0001-41,2254,MENSAL,2716.95
265395f1-1d47-4e48-9aeb-9269533e035b,2009-10-03T07:56:26,12.439.780/0001-50,8934,MENSAL,15528.16
5f9ff21b-6a80-4bd1-9008-ec6db4b3817e,2011-09-14T07:34:11,87.326.109/0001-00,7968,MENSAL,4282.15
bd4445e5-a79d-417f-921a-fd55b1296d74,2000-09-04T04:58:21,67.894.503/0001-29,3251,MENSAL,9973.36
4df7e957-f5ce-49c3-870f-fee22df39fa2,2018-08-02T04:10:35,37.562.098/0001-80,4520,MENSAL,19520.99
f66690a3-b04a-4b10-99c8-e3369002572b,2024-10-02T03:48:04,06.421.358/0001-74,4150,MENSAL,1610.22
e0d2ed0f-be29-4e24-bca6-4105983f919d,2010-03-23T15:33:01,25.984.130/0001-37,9730,MENSAL,3638.54
a06c0ab9-04e4-4cf4-84de-5d9a43b6793a,1991-07-11T16:19:05,42.160.583/0001-68,6760,MENSAL,2018.97
37482834-678d-41d3-a733-448d8630d705,1982-07-01T16:20:37,08.964.537/0001-83,6832,MENSAL,4541.47
4662ec54-fd43-4ba6-8c58-c0a4aede1a26,1988-12-18T17:18:13,16.758.239/0001-65,7545,MENSAL,6042.54
7f049c4a-182b-4e1a-9e4c-712b72eb9fe0,2005-04-09T17:39:22,05.167.423/0001-14,4151,MENSAL,7193.61
a2ec801f-98e9-4f9d-8a1f-d1f41d408579,1985-02-27T23:08:32,46.371.908/0001-02,3953,MENSAL,4636.74
1c562f60-9a2f-43d4-9367-cea7ab0cd974,2024-11-26T02:17:40,87.603.941/0001-06,9364,MENSAL,11726.56
2e7fc9dd-962a-4874-9124-94ecdc6f0e46,2014-07-04T20:37:26,14.370.956/0001-90,8086,MENSAL,333.02
1fcb3040-b98b-4927-8b67-e47e288e19fd,2015-11-08T23:10:26,08.934.576/0001-38,3516,MENSAL,9841.65
60873afc-2c64-445e-be6c-d85396ed6a09,1970-10-03T09:37:11,21.065.794/0001-41,8973,MENSAL,2312.8
3a84c336-1f49-48e2-8512-40df8b5e2edc,1983-10-11T04:05:20,67.240.193/0001-29,4535,MENSAL,25297.33
03fe75e7-8af4-4e59-9ddc-88f0c374cf78,1997-05-13T12:05:02,65.713.824/0001-54,8768,MENSAL,45139.46
d4ffc730-7bc6-4195-acbf-21e89edc0d8c,1985-02-09T05:30:43,16.534.829/0001-04,7089,MENSAL,631.33
7970a35e-9b26-470d-bcb5-78fe34b496f7,1970-09-14T23:32:06,72.695.014/0001-88,2458,MENSAL,3422.58
13bdbed7-a9c1-492c-9e43-1f9007e33d4e,1978-06-20T11:31:23,69.075.213/0001-89,9541,MENSAL,19390.44
49141825-3ff9-4867-8a7f-e8fb7f123ad2,1980-08-01T05:45:35,08.691.523/0001-33,7808,MENSAL,820.79
f8ab79ad-ef27-49e8-8663-741ab3ffa79b,2007-09-01T14:07:49,16.485.239/0001-39,8266,MENSAL,4238.59
724128fe-915a-4495-9fe7-1376bd3bf866,1983-03-20T22:56:03,60.174.538/0001-44,4880,MENSAL,4817.39
a8ad5173-c961-4341-85c3-99adfd8ed354,2005-03-29T15:35:14,89.026.753/0001-80,2582,MENSAL,4429.06
1c5170a4-d5e6-49af-a62c-a97420e8873c,2020-10-08T08:39:19,30.984.215/0001-55,6787,MENSAL,3458.76
f06cb624-3f48-455b-a2c5-3612ec62a5c8,2020-04-26T17:57:10,84.729.653/0001-04,4434,MENSAL,15056.27
6b2853e6-3d24-448a-9607-d49b6f4cf56f,1971-03-06T00:51:51,31.527.098/0001-63,9573,MENSAL,2309.33
87dfff2a-521a-493d-a04c-44cdb9999c2b,2002-02-18T04:21:40,95.186.320/0001-94,9780,MENSAL,7679.6
f473b37b-a1c4-47a2-ae74-6351a924f843,1994-07-24T09:31:55,29.071.563/0001-52,6381,MENSAL,3665.45
a821cbbc-c627-4df5-9758-6ce8633add54,1971-12-10T01:03:44,27.016.394/0001-22,7312,MENSAL,205.43
7e6e882b-4e35-4aca-8d0a-7df0ff416ae7,2022-05-04T04:44:29,01.726.485/0001-68,3503,MENSAL,2418.32
2a702c2f-8f1f-43d0-ad91-b7a07394c160,1986-08-07T13:44:41,32.876.105/0001-03,3898,MENSAL,4613.55
7d65cb40-8148-40a6-8398-31097306d1de,1981-10-11T12:03:52,13.659.847/0001-24,3309,MENSAL,11408.76
65f637c9-c14e-43a2-97c5-4431422b9742,2019-06-03T15:08:33,47.153.206/0001-15,1492,MENSAL,558.23
eb50b2f0-a739-4e55-bfc5-a4028439557a,2001-03-14T20:21:23,87.019.524/0001-02,6002,MENSAL,12844.97
cb595955-ebf5-4d6e-aa3a-77131bd01b30,2002-05-08T06:01:19,45.610.297/0001-45,9924,MENSAL,1463.4
77b56ba6-eadb-4c00-98a1-d1144f2f2e91,1976-05-30T21:28:07,72.940.183/0001-36,1096,MENSAL,3056.83
4d3d5bd7-967f-4ff0-9c08-88abd9c42245,1977-10-21T06:11:30,60.387.192/0001-62,5113,MENSAL,4526.02
e964000f-f5a9-4992-bab2-304e914bfeec,1972-08-22T16:49:42,95.218.430/0001-90,6165,MENSAL,85.52
fd02a9b8-e25c-45d3-a9a2-50e7c680a1f2,1990-11-23T00:32:59,34.278.156/0001-50,9941,MENSAL,11076.74
c89c43e5-ff2c-4935-83ad-26ec9adc677d,1985-11-07T15:57:23,74.813.206/0001-77,7740,MENSAL,13571.56
e6809bf6-89fc-4594-935f-61e28854cd06,2010-06-03T02:38:53,83.679.152/0001-90,7644,MENSAL,7936.14
4a5d8038-1f42-43ee-90f1-36385d0922a2,2011-01-04T21:44:31,86.739.510/0001-09,7207,MENSAL,11975.83
d4de7871-93c5-4a14-9026-4813bf40fcf5,2007-09-10T16:59:07,39.506.718/0001-90,2005,MENSAL,2709.73
e06f99c7-9364-468c-93cc-4d651827ea9d,1995-09-29T07:52:33,49.315.062/0001-81,2072,MENSAL,897.3
38664621-83eb-4389-8bdd-3b619a110db1,2018-05-15T23:38:16,29.406.138/0001-77,3933,MENSAL,27875.87
0dfa2629-6d60-4307-9b61-0e7fc1eb7d28,2009-04-15T13:17:54,50.247.168/0001-74,7888,MENSAL,571.23
a5ac7260-2fb7-470c-a010-c77318e54bdc,1975-11-19T06:44:12,20.936.751/0001-21,7453,MENSAL,3622.75
a975af11-5752-43ec-9d34-c96103983da6,1985-01-31T22:21:23,65.489.073/0001-34,2099,MENSAL,23273.78
8ad9e0fd-8f8a-47ac-8caa-65e1cfd564e9,1993-05-05T11:29:49,51.763.920/0001-00,4979,MENSAL,2483.34
46f5d39e-2b48-4806-840f-65877886834a,1974-07-12T01:33:12,28.546.097/0001-51,4728,MENSAL,902.47
47c06c8c-d338-4b61-8b3b-9f200b996f15,1971-08-21T08:02:32,90.456.731/0001-39,3722,MENSAL,34821.77
60e7094b-1581-4ddc-895d-aa2ea20010e5,1984-02-10T12:36:57,68.157.430/0001-55,4751,MENSAL,3281.41
a1f89378-6a39-49d0-b1ca-e31b357f6f27,1997-08-19T13:42:54,06.519.743/0001-59,4364,MENSAL,17003.1
97912aaa-9edb-4b77-a4ea-3584de0b9266,1975-02-18T13:07:06,62.834.570/0001-34,9623,MENSAL,35752.51
7d4d7dfa-79f3-4070-9661-54b2a5a25a5f,1995-01-22T00:52:39,23.041.875/0001-37,5183,MENSAL,325.64
9d20bda4-bf89-490b-a3f2-ec62ab9f7b43,1995-05-14T16:08:30,28.756.491/0001-14,3662,MENSAL,4760.79
a66ef6d9-114b-42ef-a3e4-28acaf5eec8e,1996-03-31T15:01:11,20.571.836/0001-53,4494,MENSAL,3902.98
172b5d58-f53d-4265-bce9-90101c07ed91,2004-08-31T04:57:42,60.791.238/0001-04,2096,MENSAL,797.67
af1ce5af-968b-488c-ba15-7e3ff12e3a79,2015-05-17T21:45:12,48.321.970/0001-15,3221,MENSAL,2064.19
f08c5969-c559-4caf-830a-4f2104547c02,1976-04-13T17:18:19,34.152.780/0001-07,2983,MENSAL,12934.17
8c372119-ec42-4376-9aab-6c136a95c4c1,1991-07-01T21:06:07,30.218.967/0001-05,4569,MENSAL,5506.72
9f713ee3-9c7e-4ec4-a202-a5cd7d0c82e2,1984-05-09T01:28:51,83.124.976/0001-01,8885,MENSAL,10657.49
a27e66f7-77ba-4240-94b7-366043b1a215,1984-07-17T14:19:18,53.910.874/0001-42,8435,MENSAL,3406.09
57575891-cc9e-4074-a80b-4041db37458c,2003-09-04T03:52:37,53.681.479/0001-35,1846,MENSAL,8770.67
69c95b28-53c1-4b3d-a7e1-314976863d99,1992-12-01T03:10:24,84.713.260/0001-02,8422,MENSAL,4903.68
ca912bf4-7aac-437f-9532-367685ac4438,1981-10-23T16:28:57,03.268.457/0001-70,5475,MENSAL,2100.11
87c8ce3c-6930-4780-b078-32713189a289,2006-08-22T05:36:58,30.681.942/0001-43,5649,MENSAL,16079.4
f398d808-00b0-4688-bfc6-38e3aadb850e,2006-12-06T10:40:56,69.840.317/0001-32,7496,MENSAL,6792.89
05e931fc-26cb-421b-91c5-26e26a6497c1,1972-10-14T22:39:32,79.845.130/0001-85,3144,MENSAL,1279.71
76334f17-2689-482e-97ca-49edf729b198,1991-01-11T00:52:48,24.135.807/0001-08,3502,MENSAL,3325.96
20209e55-2d65-4d76-9150-107dd61dd1b7,2010-06-27T00:57:34,27.480.915/0001-06,9377,MENSAL,464.85
dd5c07cf-b385-42d0-a5aa-ae5a8a3ec58c,2007-03-18T03:42:36,15.793.602/0001-10,5161,MENSAL,6514.02
42f74e9b-53b7-46c3-b3fe-4a9f06618baa,2022-12-26T00:15:15,24.178.053/0001-65,3117,MENSAL,2111.75
01fc8b4d-c250-4d4b-90e5-4a3b7c61ba94,1980-12-18T05:01:49,94.028.136/0001-53,8877,MENSAL,4805.6
5aa636cc-4c4f-414b-a5b1-7c77c6486ba1,2006-02-22T20:53:34,07.214.853/0001-75,5936,MENSAL,4047.51
22e4f143-e3dd-4a2a-8b19-2636ce6ec38f,1970-04-30T08:24:40,56.402.839/0001-00,8570,MENSAL,1052.02
5556e541-7ace-4848-9365-576ea848c7dc,2011-05-05T16:19:25,83.902.641/0001-69,3728,MENSAL,728.96
e19e1d75-7652-45c8-9988-9ba4be98e113,2014-02-01T23:43:01,26.145.078/0001-98,7143,MENSAL,503.16
ab2b06aa-7471-40ea-80c2-b71e6bc56b80,2001-06-21T02:03:42,24.517.369/0001-34,7109,MENSAL,9015.34
e9fe3972-1448-4ef6-92c0-a6c3cb260af6,2020-09-07T12:03:06,72.389.140/0001-04,2204,MENSAL,1234.08
60f8ee13-72c9-4963-a027-aabfe9b6420e,2023-12-08T08:19:24,03.675.824/0001-50,8144,MENSAL,3457.89
09d78fc9-41f8-4259-ba5a-c1059c0ff90b,2002-01-18T14:21:57,21.537.964/0001-43,2781,MENSAL,7374.25
3aac5a39-4805-4a14-8ac6-e892e7da6bdd,1977-06-04T21:08:01,35.081.496/0001-50,5971,MENSAL,17080.57
0b9b2538-fb93-4187-bc07-e06aee177487,2018-04-03T00:54:05,19.863.702/0001-27,4069,MENSAL,2143.2
54b54414-8469-4f82-a19b-032ed87e06de,1983-11-23T11:24:34,81.063.475/0001-29,8026,MENSAL,11545.21
728a276e-679f-4ccf-9414-77110c2aa4b1,1980-03-03T02:26:39,68.204.537/0001-07,3126,MENSAL,14154.58
5de8a730-09ca-4b5e-aeec-37f1356cdbdd,1991-12-01T13:32:34,02.148.763/0001-00,6625,MENSAL,2228.3
690c0ea5-7bdc-469e-99f9-2ced239f4b9e,1986-05-02T21:06:19,61.248.379/0001-48,3472,MENSAL,1480.86
44461a6b-8c79-4c4d-b9ab-d2dc862059f2,1976-05-07T23:25:32,48.512.679/0001-24,9791,MENSAL,1576.43
8b896adb-e544-4d58-8cb8-5a11341c1689,2024-11-18T18:26:10,47.815.609/0001-82,5462,MENSAL,37.36
4bc3ce70-f970-45f1-8805-ed807b32b031,1985-10-02T09:57:57,12.905.847/0001-02,2999,MENSAL,5407.72
7f736e65-39d8-4c54-baba-76f39dbb4bc9,1984-05-14T22:03:21,51.902.376/0001-22,9400,MENSAL,294.99
8d1cf34c-a1af-4e27-9ef6-ec290d886583,1987-10-29T08:41:16,57.918.462/0001-00,1798,MENSAL,469.39
ee15554c-a554-4951-8f97-cd3a73bd6880,1994-10-12T21:34:27,93.162.507/0001-22,8968,MENSAL,5337.15
6ab00d85-f0ee-46fb-be51-ece57d3c4930,2013-09-17T16:05:12,03.759.182/0001-77,1476,MENSAL,7250.1
73d7de17-78ba-44a1-a1b6-c18363e17656,2006-03-21T13:53:43,79.602.435/0001-66,2130,MENSAL,10342.97
af18f525-47e2-4f22-b956-59b689324d0b,2008-08-31T15:24:34,20.456.798/0001-98,4781,MENSAL,3290.03
6f2d4736-42f3-43a1-9a68-5de8040a90e2,2022-09-21T20:02:07,32.196.805/0001-49,3876,MENSAL,3741.53
5a227047-b023-4750-81d8-812b2c8b32c0,2010-03-18T14:37:21,40.321.896/0001-25,3180,MENSAL,9749.93
7db96a64-b864-4a85-8d06-990acfb16ac8,1976-10-04T16:41:58,08.615.743/0001-88,6579,MENSAL,10694.85
fc00be47-3d3d-4f75-9469-a5540124c87d,1990-12-06T00:30:33,40.152.896/0001-49,9446,MENSAL,7011.39
de77dfe7-08e7-480d-a50a-5a80b741b713,2014-11-14T01:12:04,30.574.182/0001-75,7829,MENSAL,714.22
a324fdd0-b9ad-4f6b-86f9-d6c16f6ffccc,1972-03-02T14:46:41,80.723.694/0001-24,9014,MENSAL,10192.49
b0b4bc28-55a5-461a-b230-d9d9cf92cf8c,1973-08-01T03:02:26,14.826.097/0001-09,7219,MENSAL,1281.02
1e3371bd-345a-4df3-9623-b9c94600cbea,1992-02-21T11:58:29,25.639.481/0001-00,8977,MENSAL,4610.02
95dacf47-4612-48c0-b29a-d32754da51ce,1985-04-13T23:53:09,60.745.219/0001-41,7320,MENSAL,697.55
e79d32aa-043b-40d3-8830-66a98c9bbce1,1980-11-09T14:19:41,52.941.673/0001-40,7159,MENSAL,1648.85
1812c3d5-ff68-4ff9-b76c-8549f0509d44,2017-10-02T08:06:48,65.183.479/0001-94,4680,MENSAL,4252.55
41cdd83b-e63a-424c-bc15-1d8f872d3936,1976-03-17T09:09:22,06.213.859/0001-65,4545,MENSAL,2536.31
13ad01bc-d4ac-4441-a562-814f9357e870,1999-03-09T06:46:46,21.694.730/0001-00,5869,MENSAL,9846.31
b5bd1aaa-9479-4aaa-871f-118b4484f8cc,2013-12-09T20:19:33,32.107.984/0001-09,9933,MENSAL,8021.5
ed5322ec-867a-41c8-a0ea-34281fb5a175,1988-01-23T07:15:52,59.148.702/0001-60,7570,MENSAL,2817.98
d52aa0b1-84c5-4fa7-9059-468445ab4c33,1974-11-08T04:11:16,41.520.687/0001-73,3018,MENSAL,9981.14
f44dcf24-2bc2-42fc-87f7-a3db7eed857f,1985-02-15T07:15:52,51.642.738/0001-93,8054,MENSAL,8540.63
479a6c7c-e90a-4d94-8fbe-325dd454c2e2,1999-12-28T16:20:41,62.718.490/0001-13,3158,MENSAL,32123.8
8640e3c5-edaf-46d3-9ccd-80b71f28456e,2005-02-25T19:32:00,96.421.537/0001-02,6378,MENSAL,1425.96
1cf7d29f-db22-4728-b3bf-e989f32c5ce2,1999-06-26T00:19:02,96.270.831/0001-52,4757,MENSAL,1996.97
b23d6c4a-70c9-4883-b085-71ce14cf0fe2,1976-07-31T15:01:59,32.680.149/0001-55,8408,MENSAL,402.47
65638401-4925-4b6b-8034-91b2fce1316b,1980-06-03T02:49:45,01.589.367/0001-55,5383,MENSAL,5783.63
424cbf6c-8045-4624-8b9a-48f088ae1f42,1985-04-12T23:03:28,28.176.903/0001-47,2970,MENSAL,5644.37
32f28590-0978-4157-b282-c7d0646393bb,2001-02-08T09:58:42,81.724.039/0001-53,4930,MENSAL,510.27
a1923d64-f775-4ac2-a343-c212c19bf78e,2011-12-01T15:51:43,57.280.639/0001-95,8862,MENSAL,83.31
1de45148-637a-42ef-ae54-d1389243e6cb,1973-07-10T01:18:02,14.983.270/0001-74,6212,MENSAL,3106.94
2ad32b07-6ee6-4950-9d95-16d9114c7372,1990-12-10T02:15:44,36.907.812/0001-62,4206,MENSAL,1247.76
23a89b43-242a-494e-b69b-668a4e8a96f1,1989-11-28T08:03:19,87.924.513/0001-77,3708,MENSAL,19436.42
10bcd587-6528-4ea9-bd9c-aba198c9e1ea,1974-07-02T02:50:20,42.387.960/0001-04,6623,MENSAL,748.36
e7c56a6a-4d06-484d-b44a-9082578f92e9,1984-10-23T09:51:25,19.306.285/0001-11,6479,MENSAL,9995.52
307ef4d8-2818-498a-836f-b4c81f0d635f,2018-12-09T05:08:44,95.126.308/0001-94,1662,MENSAL,1665.34
ecc73b19-e835-444c-9c62-053db56abac9,2008-08-03T07:11:17,09.127.463/0001-93,1941,MENSAL,3263.67
cea43ecd-ce75-4304-b1a2-dbd5dbbfadea,2019-04-14T06:16:27,42.613.570/0001-05,2790,MENSAL,316.65
5610da08-6c4a-4e67-8ed9-35aa3a3efa46,1974-09-23T17:45:50,12.764.890/0001-97,2274,MENSAL,293.88
b722fec9-8af4-4595-9bb1-6f2bf2b7ae7b,1973-12-11T05:58:49,56.894.320/0001-97,2463,MENSAL,1647.66
e6b29df1-ac19-4490-ab59-b87cbd21450e,2010-11-05T18:11:02,90.142.583/0001-88,9734,MENSAL,48433.67
b000db43-3177-4953-8d9a-9b43782fa393,2024-11-26T00:54:16,63.419.850/0001-49,4450,MENSAL,4228.43
49953ac3-cddd-4f46-b0b5-3fafbb7ffc04,1977-10-08T19:45:59,03.821.576/0001-08,8029,MENSAL,1137.4
ba7734d9-baae-47f1-b3ad-34939c050e70,1998-05-11T11:47:07,76.042.953/0001-84,6833,MENSAL,4898.64
c407fb4d-1f1a-4572-bfb6-d5800121b3c9,1991-06-04T08:55:26,70.684.293/0001-59,4772,MENSAL,5672.95
56dfd634-7d44-48f5-8291-baa64a415814,1995-09-05T08:25:47,07.853.649/0001-02,1711,MENSAL,9682.72
c3e14a78-3007-4e12-b939-9aa64e7e7080,1980-07-20T03:24:15,05.849.172/0001-58,9089,MENSAL,944.12
af26703a-3f5b-441f-a387-799e5a33c518,1981-09-19T13:16:29,85.724.609/0001-66,3432,MENSAL,476.45
cf7807ff-cd6e-4cf9-8db8-f6e8525a6bbc,2007-01-05T07:58:55,09.427.531/0001-30,2207,MENSAL,684.99
192994c9-6e39-4e38-b2ea-00ae422a920e,1998-06-15T00:08:52,67.538.240/0001-15,8770,MENSAL,9106.02
17cbcd3b-e812-4a02-a035-09fe14efeef6,1993-05-02T15:19:16,90.672.385/0001-26,6353,MENSAL,1513.71
1f6d0589-4fe3-4169-8e46-7ed4d8ff3a2a,2007-11-06T12:29:18,16.049.582/0001-30,8925,MENSAL,3863.8
5aaad262-3281-406c-841b-e6ea230e219a,2017-11-28T08:06:02,75.142.036/0001-09,3983,MENSAL,4162.39
79a62be3-10b8-49cb-befb-f4bb17e4962e,1997-02-14T19:19:39,10.235.846/0001-64,2369,MENSAL,19925.27
24d3cd94-eb04-472c-9f73-2c68cef07c4b,1986-07-30T04:47:24,60.813.742/0001-68,4130,MENSAL,2802.43
9d58e7b2-9ee3-402c-8b17-99e546e85a64,2003-05-16T08:19:14,49.305.812/0001-34,5899,MENSAL,4801.96
d5df0105-8341-470a-9c5f-6d6309c056d0,1988-02-13T11:07:56,40.978.561/0001-84,5137,MENSAL,7027.7
4eb8b573-4f2a-4c98-bf04-035368891e5c,2011-09-22T13:35:50,43.780.612/0001-57,2587,MENSAL,9472.12
4b50e22a-fe2d-4433-b44a-1e762e193799,2020-11-26T02:46:49,13.264.870/0001-10,3209,MENSAL,616.72
b5aeb33d-02f2-4858-bb62-bfca49841a95,1972-03-01T22:25:35,41.078.563/0001-80,5548,MENSAL,11675.81
0507bd98-acf9-401a-a0fb-d5ee2286b685,2023-04-04T02:45:42,16.257.394/0001-06,6382,MENSAL,471.5
d60119cb-62c6-4744-bd09-6f4db42a7071,1997-12-15T06:03:48,91.254.376/0001-88,2509,MENSAL,1917.8
099a7225-cb1e-4e7b-8292-f226ed65ea74,2024-02-18T10:14:01,35.286.410/0001-25,9675,MENSAL,4434.96
0dd141a9-1735-428b-ad77-2b2757aaf524,2019-02-01T15:10:18,87.123.960/0001-27,3832,MENSAL,2936.99
6779d14a-36a5-4341-a6fe-ebffcf3ad912,2022-07-16T01:45:02,69.375.281/0001-63,7514,MENSAL,18215.26
ee994992-9d3f-4d69-a2ba-9cd30b0daa34,1996-01-17T06:46:37,62.913.750/0001-01,1697,MENSAL,955.34
73b85fe2-8b45-4221-919e-853982f16cc9,1979-03-22T06:00:28,12.654.890/0001-34,6686,MENSAL,18039.03
34d076d2-b1fb-4eb1-bd07-247e8d880460,1993-09-24T21:49:27,93.762.540/0001-93,9578,MENSAL,34824.15
5732f178-1465-4551-86b4-10c51645d0bc,2021-08-04T15:18:17,34.725.690/0001-68,1266,MENSAL,4298.24
7aa0d99e-e643-45e8-8b0f-4b9b52183af6,2006-04-30T20:22:58,80.469.375/0001-34,2590,MENSAL,1576.15
3d788967-6e31-4917-ab3a-7b08e728f440,1988-12-16T03:08:57,41.598.362/0001-03,1177,MENSAL,1685.38
a7c32fa8-7b06-406f-b83a-5c2a8ad322b1,1994-04-22T13:48:52,21.753.896/0001-50,8076,MENSAL,19455.53
bafc44e1-56fe-4bb6-b57a-5620ce5a5f91,1972-04-11T02:01:15,89.360.154/0001-06,2230,MENSAL,612.42
dff65cb5-dfbf-41e2-b564-de56012eba3f,2013-08-02T04:24:48,21.965.408/0001-78,9193,MENSAL,6652.75
6e3c16c5-b3c2-4289-bd42-e6b4f1d6ee55,1995-11-29T15:51:08,92.360.418/0001-28,5091,MENSAL,17626.3
5e2bde98-5359-47fc-af1a-0e2d0bfb498c,1986-05-19T19:54:55,82.679.015/0001-92,6656,MENSAL,2269.67
4d58bb14-3abb-4f21-8fea-83f3ae7e2cb5,1973-07-03T00:35:19,09.314.652/0001-75,4839,MENSAL,4555.12
4f040adc-fa1f-4769-91c6-4b798bead6c2,1993-06-20T09:25:20,64.327.198/0001-03,6926,MENSAL,148.74
5698e080-3a83-4030-9303-72f7ff7c36a6,1988-09-09T02:20:56,67.023.981/0001-63,7393,MENSAL,3.49
ab3a6e9a-0a7a-4c5e-ac70-a682e0f5b1b1,1975-07-08T01:25:40,36.128.749/0001-66,2013,MENSAL,60.5
1e1daa90-996f-41c4-80dd-1d833a30af80,2009-03-28T21:29:28,19.034.726/0001-73,5151,MENSAL,4132.01
009c6ecf-c2d0-44e9-bb2b-741c2b4f5bdb,1971-04-01T01:13:42,87.695.042/0001-72,6688,MENSAL,2399.89
879b72bd-a74d-439d-95b0-6e1341ac91e3,2007-01-12T02:41:12,28.501.376/0001-07,6712,MENSAL,2440.44
08a112ae-4227-441a-b800-cc1be62ac313,1984-08-02T09:30:20,51.920.437/0001-84,1894,MENSAL,6155.43
07f24f54-e23c-4f11-bddc-7cc06313cf45,1980-04-03T16:20:46,91.405.837/0001-76,2660,MENSAL,6226.28
b2adf8eb-04d8-408e-ba06-a8a76cf85845,2019-04-04T05:05:46,95.264.783/0001-27,9348,MENSAL,2085.78
2eaf9d1a-e39a-4170-b1a6-829103be65cb,2018-03-21T10:46:02,69.231.785/0001-00,3153,MENSAL,648.41
f742a628-b603-48f3-8f54-7adfe2b1597a,1995-04-24T11:32:26,78.596.340/0001-14,8542,MENSAL,12293.98
b6ecca1d-fe6e-4bcb-a9bb-39ef84a32406,2019-02-16T11:55:48,51.972.860/0001-28,5855,MENSAL,145.74
acf090ce-0f94-4af2-a73a-cdbb3690293d,2010-06-05T03:03:47,72.108.456/0001-80,5647,MENSAL,18601.28
891b88ca-5c39-457b-beef-6ad5613838b7,2017-12-21T14:30:31,25.180.936/0001-72,4792,MENSAL,2970.21
92b3945f-62df-4e60-8fdf-bda5b5c8a57d,1977-08-20T21:32:04,51.623.940/0001-78,2805,MENSAL,257.41
52ceca10-2e10-4460-bb37-10651e827fef,1974-09-05T15:53:25,50.964.237/0001-60,7308,MENSAL,1701.78
23a83c74-6686-4d28-9e37-336b7cabe57c,1984-06-13T11:10:39,76.514.380/0001-44,4359,MENSAL,15905.42
7578ad73-3119-402d-8220-a3e16112c0ae,2007-08-07T06:06:54,07.659.381/0001-64,7710,MENSAL,1251.18
d616cc96-c073-4c35-b48b-d7f1aa1346a4,1993-10-03T17:28:05,02.746.581/0001-30,8272,MENSAL,18690.99
2b0e8357-b319-4a1a-8ae5-c1d919dce7a6,2000-01-04T15:03:47,80.746.921/0001-37,4911,MENSAL,4005.91
491c9a59-62d3-4aca-bd55-73b39018635b,2000-01-30T00:03:07,18.509.463/0001-49,3714,MENSAL,3415.86
9be9761c-0628-462f-884f-f49985fc0e6b,2013-04-14T11:11:07,53.407.912/0001-49,9292,MENSAL,1313.34
94d03d25-ef27-49a2-9050-23027a188b5a,1988-03-06T15:05:16,74.062.589/0001-99,3909,MENSAL,11340.3
63d223bc-56ce-4d18-9549-0b7a556d916c,1986-04-15T23:57:49,87.569.204/0001-26,7985,MENSAL,18362.24
4c67c9a0-4e4c-466e-943f-0c12250693cf,1984-08-02T14:53:50,96.823.041/0001-57,4332,MENSAL,7464.37
811f147c-675a-4745-8fe8-d393b1f9b619,1971-11-23T07:21:26,64.125.793/0001-58,9611,MENSAL,8909.97
344b980a-e0cf-4b48-8124-8193e972cc90,2011-12-19T21:16:14,60.237.819/0001-07,4722,MENSAL,7616.7
0e5fe5cd-81d4-41ba-b9d8-5801b3582188,2006-09-15T05:37:01,83.712.605/0001-32,2549,MENSAL,1433.29
92757aab-ec42-4ade-8730-8ff8d03db501,1994-05-30T02:41:25,56.392.841/0001-46,9926,MENSAL,9083.19
c7ec9f8b-fd38-4108-8c48-46e91fabb8b4,1990-03-08T09:26:37,96.214.078/0001-88,8571,MENSAL,13088.69
90fea952-49bc-4529-8c22-642aedcbaff9,2003-06-07T11:25:49,92.871.406/0001-68,4770,MENSAL,6915.12
f281ebe6-2bae-4f67-a3bd-0ccbe9de3c60,1971-04-11T03:51:57,78.023.465/0001-55,7129,MENSAL,4065.1
d705ec4d-5d00-4213-b46d-38865a74c4fa,2007-05-20T00:57:45,37.814.950/0001-60,1983,MENSAL,1415.43
adc561e5-4e75-48b8-bb8c-89354098657e,2023-07-14T11:45:10,92.186.034/0001-30,9712,MENSAL,470.22
b6d11ddd-098e-4687-839b-7325cecd0842,1985-08-26T15:48:25,45.198.027/0001-79,5416,MENSAL,12635.94
ea1a01c3-d92f-4f2b-af8f-4cf2739bda3b,1997-12-24T06:22:12,12.380.795/0001-90,1516,MENSAL,3218.32
1dd3a419-b0ba-44f1-8204-c15ae90bf69b,2013-11-19T00:02:39,52.089.437/0001-47,3486,MENSAL,3814.96
120b126c-eb9d-45a9-9c93-f16db83c17f8,1984-04-03T22:09:32,96.483.271/0001-14,7886,MENSAL,1352.31
b6ba51da-e558-4574-8d9f-9b829ca534f6,2016-04-06T16:29:03,05.479.861/0001-18,9697,MENSAL,1489.67
6439e9c8-8e99-4037-8e5e-64d5d06e1a91,2010-07-02T23:15:29,31.697.852/0001-03,4165,MENSAL,3498.76
48c99311-30d0-41d2-a3e1-2d68c92aa266,1991-03-19T06:51:34,50.361.942/0001-73,8274,MENSAL,1877.94
c9d69f8e-e3b5-4a4d-bd52-a005cf7410e6,1995-05-03T19:10:34,79.356.812/0001-24,2351,MENSAL,3237.67
56bc34ef-1a4f-4c5d-9042-6dd745f506c9,2014-05-14T22:41:24,60.398.514/0001-79,1640,MENSAL,9816.31
6c4cfe3a-d322-4245-a90e-9c0281863fbc,2004-07-10T21:50:35,78.926.350/0001-70,3013,MENSAL,1910.7
232a5aa7-9c52-4da8-a46c-857ce12b00cc,2003-01-26T11:05:39,81.570.423/0001-49,5536,MENSAL,3094.14
6ad07831-a1ac-48c8-83af-622d551fa157,1999-10-24T18:53:22,41.086.295/0001-48,7456,MENSAL,3205.77
8d02e723-983d-4317-a743-b0e3c67a947d,1978-05-29T15:21:14,30.567.142/0001-04,4255,MENSAL,434.26
91922a79-a105-4310-b9ba-ffb9c691b50a,2015-12-11T11:44:22,05.287.149/0001-17,1481,MENSAL,2585.34
e23988f2-f439-4c3e-9519-ae655209b103,2000-05-22T23:20:34,16.430.972/0001-56,1771,MENSAL,2877.58
1ee7e4db-02c4-452b-a400-4a2d4141f7dc,2020-01-13T05:27:15,31.845.029/0001-06,8263,MENSAL,2692.33
2243ea2d-4036-43c0-812e-f981809f1c00,2006-12-05T18:04:10,35.068.724/0001-51,9519,MENSAL,54.22
45c9dea9-4a6c-485e-be3a-1de072935c49,2016-10-12T01:01:48,76.594.032/0001-24,4391,MENSAL,5436.31
ed82c302-8805-4bbe-8d73-4901e3e04727,1990-10-08T11:08:20,34.281.976/0001-00,1042,MENSAL,1329.95
18d0fb44-4807-4b4b-b2c4-d6e08167c3de,1982-12-19T13:50:46,50.489.271/0001-20,8261,MENSAL,32824.06
cb873429-6835-4cf2-891c-311bc2cc5f28,2006-04-08T18:23:09,41.273.896/0001-60,3140,MENSAL,709.96
faf8a267-082c-4d12-b323-ceaf0483686c,1993-05-13T22:34:00,45.893.702/0001-80,3145,MENSAL,12900.54
a9e98209-9fd8-4de6-a095-5f0d2785dbfa,2010-07-20T20:15:52,04.563.172/0001-24,3393,MENSAL,14978.51
95597a56-03a0-47f9-a1c9-599df64523ca,1971-02-16T13:07:33,97.068.513/0001-76,8863,MENSAL,6260.07
d5b0fe2b-1716-4d39-b238-fb7e9e84edcc,1996-10-15T00:04:14,26.049.583/0001-39,7481,MENSAL,6742.18
12579558-ded8-4e37-a234-94b93ca7758c,1997-08-01T19:35:22,68.205.471/0001-70,3471,MENSAL,21959.95
caa86c52-9f87-4163-91ed-9a5e24525bcf,1997-09-16T06:50:55,39.812.507/0001-85,6227,MENSAL,4780.6
24c98350-8559-40e7-81e2-e8c29b27d07a,2002-11-24T11:14:11,95.371.642/0001-03,8732,MENSAL,4885.54
1acc16be-227d-49ef-840a-02f8796d47d8,1990-04-04T13:09:22,17.548.309/0001-13,3732,MENSAL,9312.92
3c3a0fcd-d105-4778-bf96-b799a5b7f426,1996-03-26T15:48:29,54.908.731/0001-69,4745,MENSAL,1312.84
b3f3b9e6-0084-404d-9bf8-9ffd1662fa14,1998-07-17T01:55:30,46.213.708/0001-21,2823,MENSAL,15942.28
34b047ae-028d-46cf-913c-b5f846317287,1978-07-30T09:07:49,31.287.460/0001-76,3832,MENSAL,2233.72
fa32f3dc-569a-4798-a3c2-21247ef01377,1984-04-25T03:45:22,61.859.347/0001-89,4500,MENSAL,4277.12
718f8629-5939-48c4-b683-1180059b547b,1988-11-13T08:46:59,26.315.479/0001-49,6136,MENSAL,15765.99
53528081-fbef-45a7-9923-8c0ca4801959,1990-01-28T14:10:54,01.594.863/0001-05,2939,MENSAL,3152.63
3b5a4fd1-6e6b-4163-9201-4c40618d9c0e,1975-02-20T09:28:02,46.732.859/0001-96,5253,MENSAL,3291.11
506dbdcb-c10b-4bd2-9460-0e43aea78476,1996-08-11T05:37:50,09.438.561/0001-41,9353,MENSAL,9632.74
ff00c98c-d6c2-497e-8c07-fbbd3f5f35b8,1972-02-29T06:40:10,46.159.280/0001-86,7304,MENSAL,1061.35
8c472132-7588-4442-818f-f7c1d8f16751,1971-10-26T12:32:05,92.865.014/0001-96,2765,MENSAL,16620.98
e45e480f-b61f-4aa7-b79c-578d7da3db05,2002-01-13T06:28:51,48.306.172/0001-14,6982,MENSAL,543.99
f0a7c419-2eb9-4cae-b6b8-b4ebb4ef0cf1,1988-07-26T03:22:42,35.724.910/0001-00,9950,MENSAL,4148.59
4f27be8f-43fa-4f99-859e-626aaafe9427,2002-08-04T10:39:36,74.098.653/0001-91,5932,MENSAL,1276.82
6dc55e79-b110-44b9-ae59-f3c89f062698,1979-09-01T14:54:02,49.825.673/0001-70,5076,MENSAL,6152.31
2dc5f3ec-9e92-4d96-85cf-6dd3d12bcafc,1977-08-18T09:37:45,24.506.398/0001-09,9846,MENSAL,1908.72
b3100f97-596e-4c0f-b7bd-7da03c07d37f,2013-06-26T00:29:05,16.589.407/0001-36,4945,MENSAL,4454.79
b7c5bc85-ea94-4384-b774-f1fc5ebd46d3,2022-03-27T06:07:28,86.392.574/0001-78,8303,MENSAL,4074.98
89049f08-aeec-4e86-878e-52a486ebe1f7,1972-11-23T03:28:23,31.798.052/0001-89,7340,MENSAL,2878.16
b6b97b29-e201-4bae-bfa0-8d46947b1654,2001-09-23T07:38:27,36.879.105/0001-00,8456,MENSAL,1043.37
dd66868d-0813-4606-99cc-c705dbfec92d,2024-08-27T02:11:53,12.046.358/0001-34,3897,MENSAL,427.14
f9d35c95-fdc0-4a22-b16d-216344eeb274,1997-04-12T18:49:01,61.238.574/0001-97,6079,MENSAL,7298.83
b8860ecf-8b54-4db3-9d77-41c6abcb0f4a,1974-11-15T18:10:37,78.562.901/0001-64,2814,MENSAL,6561.55
4672eaf4-4a3c-4df7-82bf-e628cb0d45dd,1989-07-21T16:34:27,21.903.845/0001-67,1130,MENSAL,10737.36
44fcfaeb-b605-450b-84c2-7c077166bdd8,2016-02-24T14:15:28,96.735.102/0001-24,4849,MENSAL,1233.38
99ecefc5-2983-48c5-a410-eb1da2c08c01,1998-12-11T18:29:01,27.056.813/0001-50,3903,MENSAL,4606.6
97572d80-cf04-41a5-b3f3-8a49843734ae,1990-01-02T02:04:34,62.049.315/0001-80,1785,MENSAL,5394.85
d9b1450a-44a7-451a-ab98-f506e4b776c4,1982-09-14T05:32:17,49.207.351/0001-67,1091,MENSAL,3142.56
27a5a27b-fb5e-4204-bf11-ceec50461d83,2011-02-08T10:35:07,45.271.809/0001-96,5131,MENSAL,3277.6
815ff5e2-b0b0-45f9-ac57-cf9bbc9adef9,2017-05-26T20:11:12,36.259.084/0001-20,6668,MENSAL,4528.68
060f33ca-c55c-40c8-9ddf-af2a3410ddab,2007-02-02T07:45:00,12.078.693/0001-14,2349,MENSAL,877.0
8768f7e2-dbde-4381-8591-a41d9675d4c0,2004-10-17T03:18:02,93.205.187/0001-40,8946,MENSAL,7421.79
